date,realtime_start,realtime_end,value
2018-01-01,2026-06-22,2026-06-22,.
2018-01-02,2026-06-22,2026-06-22,2.46
2018-01-03,2026-06-22,2026-06-22,2.44
2018-01-04,2026-06-22,2026-06-22,2.46
2018-01-05,2026-06-22,2026-06-22,2.47
2018-01-08,2026-06-22,2026-06-22,2.49
2018-01-09,2026-06-22,2026-06-22,2.55
2018-01-10,2026-06-22,2026-06-22,2.55
2018-01-11,2026-06-22,2026-06-22,2.54
2018-01-12,2026-06-22,2026-06-22,2.55
2018-01-15,2026-06-22,2026-06-22,.
2018-01-16,2026-06-22,2026-06-22,2.54
2018-01-17,2026-06-22,2026-06-22,2.57
2018-01-18,2026-06-22,2026-06-22,2.62
2018-01-19,2026-06-22,2026-06-22,2.64
2018-01-22,2026-06-22,2026-06-22,2.66
2018-01-23,2026-06-22,2026-06-22,2.63
2018-01-24,2026-06-22,2026-06-22,2.65
2018-01-25,2026-06-22,2026-06-22,2.63
2018-01-26,2026-06-22,2026-06-22,2.66
2018-01-29,2026-06-22,2026-06-22,2.70
2018-01-30,2026-06-22,2026-06-22,2.73
2018-01-31,2026-06-22,2026-06-22,2.72
2018-02-01,2026-06-22,2026-06-22,2.78
2018-02-02,2026-06-22,2026-06-22,2.84
2018-02-05,2026-06-22,2026-06-22,2.77
2018-02-06,2026-06-22,2026-06-22,2.79
2018-02-07,2026-06-22,2026-06-22,2.84
2018-02-08,2026-06-22,2026-06-22,2.85
2018-02-09,2026-06-22,2026-06-22,2.83
2018-02-12,2026-06-22,2026-06-22,2.86
2018-02-13,2026-06-22,2026-06-22,2.83
2018-02-14,2026-06-22,2026-06-22,2.91
2018-02-15,2026-06-22,2026-06-22,2.90
2018-02-16,2026-06-22,2026-06-22,2.87
2018-02-19,2026-06-22,2026-06-22,.
2018-02-20,2026-06-22,2026-06-22,2.88
2018-02-21,2026-06-22,2026-06-22,2.94
2018-02-22,2026-06-22,2026-06-22,2.92
2018-02-23,2026-06-22,2026-06-22,2.88
2018-02-26,2026-06-22,2026-06-22,2.86
2018-02-27,2026-06-22,2026-06-22,2.90
2018-02-28,2026-06-22,2026-06-22,2.87
2018-03-01,2026-06-22,2026-06-22,2.81
2018-03-02,2026-06-22,2026-06-22,2.86
2018-03-05,2026-06-22,2026-06-22,2.88
2018-03-06,2026-06-22,2026-06-22,2.88
2018-03-07,2026-06-22,2026-06-22,2.89
2018-03-08,2026-06-22,2026-06-22,2.86
2018-03-09,2026-06-22,2026-06-22,2.90
2018-03-12,2026-06-22,2026-06-22,2.87
2018-03-13,2026-06-22,2026-06-22,2.84
2018-03-14,2026-06-22,2026-06-22,2.81
2018-03-15,2026-06-22,2026-06-22,2.82
2018-03-16,2026-06-22,2026-06-22,2.85
2018-03-19,2026-06-22,2026-06-22,2.85
2018-03-20,2026-06-22,2026-06-22,2.89
2018-03-21,2026-06-22,2026-06-22,2.89
2018-03-22,2026-06-22,2026-06-22,2.83
2018-03-23,2026-06-22,2026-06-22,2.82
2018-03-26,2026-06-22,2026-06-22,2.85
2018-03-27,2026-06-22,2026-06-22,2.78
2018-03-28,2026-06-22,2026-06-22,2.77
2018-03-29,2026-06-22,2026-06-22,2.74
2018-03-30,2026-06-22,2026-06-22,.
2018-04-02,2026-06-22,2026-06-22,2.73
2018-04-03,2026-06-22,2026-06-22,2.79
2018-04-04,2026-06-22,2026-06-22,2.79
2018-04-05,2026-06-22,2026-06-22,2.83
2018-04-06,2026-06-22,2026-06-22,2.77
2018-04-09,2026-06-22,2026-06-22,2.78
2018-04-10,2026-06-22,2026-06-22,2.80
2018-04-11,2026-06-22,2026-06-22,2.79
2018-04-12,2026-06-22,2026-06-22,2.83
2018-04-13,2026-06-22,2026-06-22,2.82
2018-04-16,2026-06-22,2026-06-22,2.83
2018-04-17,2026-06-22,2026-06-22,2.82
2018-04-18,2026-06-22,2026-06-22,2.87
2018-04-19,2026-06-22,2026-06-22,2.92
2018-04-20,2026-06-22,2026-06-22,2.96
2018-04-23,2026-06-22,2026-06-22,2.98
2018-04-24,2026-06-22,2026-06-22,3.00
2018-04-25,2026-06-22,2026-06-22,3.03
2018-04-26,2026-06-22,2026-06-22,3.00
2018-04-27,2026-06-22,2026-06-22,2.96
2018-04-30,2026-06-22,2026-06-22,2.95
2018-05-01,2026-06-22,2026-06-22,2.97
2018-05-02,2026-06-22,2026-06-22,2.97
2018-05-03,2026-06-22,2026-06-22,2.94
2018-05-04,2026-06-22,2026-06-22,2.95
2018-05-07,2026-06-22,2026-06-22,2.95
2018-05-08,2026-06-22,2026-06-22,2.97
2018-05-09,2026-06-22,2026-06-22,3.00
2018-05-10,2026-06-22,2026-06-22,2.97
2018-05-11,2026-06-22,2026-06-22,2.97
2018-05-14,2026-06-22,2026-06-22,3.00
2018-05-15,2026-06-22,2026-06-22,3.08
2018-05-16,2026-06-22,2026-06-22,3.09
2018-05-17,2026-06-22,2026-06-22,3.11
2018-05-18,2026-06-22,2026-06-22,3.06
2018-05-21,2026-06-22,2026-06-22,3.06
2018-05-22,2026-06-22,2026-06-22,3.06
2018-05-23,2026-06-22,2026-06-22,3.01
2018-05-24,2026-06-22,2026-06-22,2.98
2018-05-25,2026-06-22,2026-06-22,2.93
2018-05-28,2026-06-22,2026-06-22,.
2018-05-29,2026-06-22,2026-06-22,2.77
2018-05-30,2026-06-22,2026-06-22,2.84
2018-05-31,2026-06-22,2026-06-22,2.83
2018-06-01,2026-06-22,2026-06-22,2.89
2018-06-04,2026-06-22,2026-06-22,2.94
2018-06-05,2026-06-22,2026-06-22,2.92
2018-06-06,2026-06-22,2026-06-22,2.97
2018-06-07,2026-06-22,2026-06-22,2.93
2018-06-08,2026-06-22,2026-06-22,2.93
2018-06-11,2026-06-22,2026-06-22,2.96
2018-06-12,2026-06-22,2026-06-22,2.96
2018-06-13,2026-06-22,2026-06-22,2.98
2018-06-14,2026-06-22,2026-06-22,2.94
2018-06-15,2026-06-22,2026-06-22,2.93
2018-06-18,2026-06-22,2026-06-22,2.92
2018-06-19,2026-06-22,2026-06-22,2.89
2018-06-20,2026-06-22,2026-06-22,2.93
2018-06-21,2026-06-22,2026-06-22,2.90
2018-06-22,2026-06-22,2026-06-22,2.90
2018-06-25,2026-06-22,2026-06-22,2.87
2018-06-26,2026-06-22,2026-06-22,2.88
2018-06-27,2026-06-22,2026-06-22,2.83
2018-06-28,2026-06-22,2026-06-22,2.84
2018-06-29,2026-06-22,2026-06-22,2.85
2018-07-02,2026-06-22,2026-06-22,2.87
2018-07-03,2026-06-22,2026-06-22,2.83
2018-07-04,2026-06-22,2026-06-22,.
2018-07-05,2026-06-22,2026-06-22,2.84
2018-07-06,2026-06-22,2026-06-22,2.82
2018-07-09,2026-06-22,2026-06-22,2.86
2018-07-10,2026-06-22,2026-06-22,2.87
2018-07-11,2026-06-22,2026-06-22,2.85
2018-07-12,2026-06-22,2026-06-22,2.85
2018-07-13,2026-06-22,2026-06-22,2.83
2018-07-16,2026-06-22,2026-06-22,2.85
2018-07-17,2026-06-22,2026-06-22,2.86
2018-07-18,2026-06-22,2026-06-22,2.88
2018-07-19,2026-06-22,2026-06-22,2.84
2018-07-20,2026-06-22,2026-06-22,2.89
2018-07-23,2026-06-22,2026-06-22,2.96
2018-07-24,2026-06-22,2026-06-22,2.95
2018-07-25,2026-06-22,2026-06-22,2.94
2018-07-26,2026-06-22,2026-06-22,2.98
2018-07-27,2026-06-22,2026-06-22,2.96
2018-07-30,2026-06-22,2026-06-22,2.98
2018-07-31,2026-06-22,2026-06-22,2.96
2018-08-01,2026-06-22,2026-06-22,3.00
2018-08-02,2026-06-22,2026-06-22,2.98
2018-08-03,2026-06-22,2026-06-22,2.95
2018-08-06,2026-06-22,2026-06-22,2.94
2018-08-07,2026-06-22,2026-06-22,2.98
2018-08-08,2026-06-22,2026-06-22,2.96
2018-08-09,2026-06-22,2026-06-22,2.93
2018-08-10,2026-06-22,2026-06-22,2.87
2018-08-13,2026-06-22,2026-06-22,2.88
2018-08-14,2026-06-22,2026-06-22,2.89
2018-08-15,2026-06-22,2026-06-22,2.86
2018-08-16,2026-06-22,2026-06-22,2.87
2018-08-17,2026-06-22,2026-06-22,2.87
2018-08-20,2026-06-22,2026-06-22,2.82
2018-08-21,2026-06-22,2026-06-22,2.85
2018-08-22,2026-06-22,2026-06-22,2.82
2018-08-23,2026-06-22,2026-06-22,2.82
2018-08-24,2026-06-22,2026-06-22,2.82
2018-08-27,2026-06-22,2026-06-22,2.85
2018-08-28,2026-06-22,2026-06-22,2.88
2018-08-29,2026-06-22,2026-06-22,2.89
2018-08-30,2026-06-22,2026-06-22,2.86
2018-08-31,2026-06-22,2026-06-22,2.86
2018-09-03,2026-06-22,2026-06-22,.
2018-09-04,2026-06-22,2026-06-22,2.90
2018-09-05,2026-06-22,2026-06-22,2.90
2018-09-06,2026-06-22,2026-06-22,2.88
2018-09-07,2026-06-22,2026-06-22,2.94
2018-09-10,2026-06-22,2026-06-22,2.94
2018-09-11,2026-06-22,2026-06-22,2.98
2018-09-12,2026-06-22,2026-06-22,2.97
2018-09-13,2026-06-22,2026-06-22,2.97
2018-09-14,2026-06-22,2026-06-22,2.99
2018-09-17,2026-06-22,2026-06-22,2.99
2018-09-18,2026-06-22,2026-06-22,3.05
2018-09-19,2026-06-22,2026-06-22,3.08
2018-09-20,2026-06-22,2026-06-22,3.07
2018-09-21,2026-06-22,2026-06-22,3.07
2018-09-24,2026-06-22,2026-06-22,3.08
2018-09-25,2026-06-22,2026-06-22,3.10
2018-09-26,2026-06-22,2026-06-22,3.06
2018-09-27,2026-06-22,2026-06-22,3.06
2018-09-28,2026-06-22,2026-06-22,3.05
2018-10-01,2026-06-22,2026-06-22,3.09
2018-10-02,2026-06-22,2026-06-22,3.05
2018-10-03,2026-06-22,2026-06-22,3.15
2018-10-04,2026-06-22,2026-06-22,3.19
2018-10-05,2026-06-22,2026-06-22,3.23
2018-10-08,2026-06-22,2026-06-22,.
2018-10-09,2026-06-22,2026-06-22,3.21
2018-10-10,2026-06-22,2026-06-22,3.22
2018-10-11,2026-06-22,2026-06-22,3.14
2018-10-12,2026-06-22,2026-06-22,3.15
2018-10-15,2026-06-22,2026-06-22,3.16
2018-10-16,2026-06-22,2026-06-22,3.16
2018-10-17,2026-06-22,2026-06-22,3.19
2018-10-18,2026-06-22,2026-06-22,3.17
2018-10-19,2026-06-22,2026-06-22,3.20
2018-10-22,2026-06-22,2026-06-22,3.20
2018-10-23,2026-06-22,2026-06-22,3.17
2018-10-24,2026-06-22,2026-06-22,3.10
2018-10-25,2026-06-22,2026-06-22,3.14
2018-10-26,2026-06-22,2026-06-22,3.08
2018-10-29,2026-06-22,2026-06-22,3.08
2018-10-30,2026-06-22,2026-06-22,3.12
2018-10-31,2026-06-22,2026-06-22,3.15
2018-11-01,2026-06-22,2026-06-22,3.14
2018-11-02,2026-06-22,2026-06-22,3.22
2018-11-05,2026-06-22,2026-06-22,3.20
2018-11-06,2026-06-22,2026-06-22,3.22
2018-11-07,2026-06-22,2026-06-22,3.22
2018-11-08,2026-06-22,2026-06-22,3.24
2018-11-09,2026-06-22,2026-06-22,3.19
2018-11-12,2026-06-22,2026-06-22,.
2018-11-13,2026-06-22,2026-06-22,3.14
2018-11-14,2026-06-22,2026-06-22,3.12
2018-11-15,2026-06-22,2026-06-22,3.11
2018-11-16,2026-06-22,2026-06-22,3.08
2018-11-19,2026-06-22,2026-06-22,3.06
2018-11-20,2026-06-22,2026-06-22,3.06
2018-11-21,2026-06-22,2026-06-22,3.06
2018-11-22,2026-06-22,2026-06-22,.
2018-11-23,2026-06-22,2026-06-22,3.05
2018-11-26,2026-06-22,2026-06-22,3.07
2018-11-27,2026-06-22,2026-06-22,3.06
2018-11-28,2026-06-22,2026-06-22,3.06
2018-11-29,2026-06-22,2026-06-22,3.03
2018-11-30,2026-06-22,2026-06-22,3.01
2018-12-03,2026-06-22,2026-06-22,2.98
2018-12-04,2026-06-22,2026-06-22,2.91
2018-12-05,2026-06-22,2026-06-22,.
2018-12-06,2026-06-22,2026-06-22,2.87
2018-12-07,2026-06-22,2026-06-22,2.85
2018-12-10,2026-06-22,2026-06-22,2.85
2018-12-11,2026-06-22,2026-06-22,2.89
2018-12-12,2026-06-22,2026-06-22,2.91
2018-12-13,2026-06-22,2026-06-22,2.91
2018-12-14,2026-06-22,2026-06-22,2.89
2018-12-17,2026-06-22,2026-06-22,2.86
2018-12-18,2026-06-22,2026-06-22,2.82
2018-12-19,2026-06-22,2026-06-22,2.77
2018-12-20,2026-06-22,2026-06-22,2.79
2018-12-21,2026-06-22,2026-06-22,2.79
2018-12-24,2026-06-22,2026-06-22,2.74
2018-12-25,2026-06-22,2026-06-22,.
2018-12-26,2026-06-22,2026-06-22,2.81
2018-12-27,2026-06-22,2026-06-22,2.77
2018-12-28,2026-06-22,2026-06-22,2.72
2018-12-31,2026-06-22,2026-06-22,2.69
2019-01-01,2026-06-22,2026-06-22,.
2019-01-02,2026-06-22,2026-06-22,2.66
2019-01-03,2026-06-22,2026-06-22,2.56
2019-01-04,2026-06-22,2026-06-22,2.67
2019-01-07,2026-06-22,2026-06-22,2.70
2019-01-08,2026-06-22,2026-06-22,2.73
2019-01-09,2026-06-22,2026-06-22,2.74
2019-01-10,2026-06-22,2026-06-22,2.74
2019-01-11,2026-06-22,2026-06-22,2.71
2019-01-14,2026-06-22,2026-06-22,2.71
2019-01-15,2026-06-22,2026-06-22,2.72
2019-01-16,2026-06-22,2026-06-22,2.73
2019-01-17,2026-06-22,2026-06-22,2.75
2019-01-18,2026-06-22,2026-06-22,2.79
2019-01-21,2026-06-22,2026-06-22,.
2019-01-22,2026-06-22,2026-06-22,2.74
2019-01-23,2026-06-22,2026-06-22,2.76
2019-01-24,2026-06-22,2026-06-22,2.72
2019-01-25,2026-06-22,2026-06-22,2.76
2019-01-28,2026-06-22,2026-06-22,2.75
2019-01-29,2026-06-22,2026-06-22,2.72
2019-01-30,2026-06-22,2026-06-22,2.70
2019-01-31,2026-06-22,2026-06-22,2.63
2019-02-01,2026-06-22,2026-06-22,2.70
2019-02-04,2026-06-22,2026-06-22,2.73
2019-02-05,2026-06-22,2026-06-22,2.71
2019-02-06,2026-06-22,2026-06-22,2.70
2019-02-07,2026-06-22,2026-06-22,2.65
2019-02-08,2026-06-22,2026-06-22,2.63
2019-02-11,2026-06-22,2026-06-22,2.65
2019-02-12,2026-06-22,2026-06-22,2.68
2019-02-13,2026-06-22,2026-06-22,2.71
2019-02-14,2026-06-22,2026-06-22,2.66
2019-02-15,2026-06-22,2026-06-22,2.66
2019-02-18,2026-06-22,2026-06-22,.
2019-02-19,2026-06-22,2026-06-22,2.65
2019-02-20,2026-06-22,2026-06-22,2.65
2019-02-21,2026-06-22,2026-06-22,2.69
2019-02-22,2026-06-22,2026-06-22,2.65
2019-02-25,2026-06-22,2026-06-22,2.67
2019-02-26,2026-06-22,2026-06-22,2.64
2019-02-27,2026-06-22,2026-06-22,2.69
2019-02-28,2026-06-22,2026-06-22,2.73
2019-03-01,2026-06-22,2026-06-22,2.76
2019-03-04,2026-06-22,2026-06-22,2.72
2019-03-05,2026-06-22,2026-06-22,2.72
2019-03-06,2026-06-22,2026-06-22,2.69
2019-03-07,2026-06-22,2026-06-22,2.64
2019-03-08,2026-06-22,2026-06-22,2.62
2019-03-11,2026-06-22,2026-06-22,2.64
2019-03-12,2026-06-22,2026-06-22,2.61
2019-03-13,2026-06-22,2026-06-22,2.61
2019-03-14,2026-06-22,2026-06-22,2.63
2019-03-15,2026-06-22,2026-06-22,2.59
2019-03-18,2026-06-22,2026-06-22,2.60
2019-03-19,2026-06-22,2026-06-22,2.61
2019-03-20,2026-06-22,2026-06-22,2.54
2019-03-21,2026-06-22,2026-06-22,2.54
2019-03-22,2026-06-22,2026-06-22,2.44
2019-03-25,2026-06-22,2026-06-22,2.43
2019-03-26,2026-06-22,2026-06-22,2.41
2019-03-27,2026-06-22,2026-06-22,2.39
2019-03-28,2026-06-22,2026-06-22,2.39
2019-03-29,2026-06-22,2026-06-22,2.41
2019-04-01,2026-06-22,2026-06-22,2.49
2019-04-02,2026-06-22,2026-06-22,2.48
2019-04-03,2026-06-22,2026-06-22,2.52
2019-04-04,2026-06-22,2026-06-22,2.51
2019-04-05,2026-06-22,2026-06-22,2.50
2019-04-08,2026-06-22,2026-06-22,2.52
2019-04-09,2026-06-22,2026-06-22,2.51
2019-04-10,2026-06-22,2026-06-22,2.48
2019-04-11,2026-06-22,2026-06-22,2.51
2019-04-12,2026-06-22,2026-06-22,2.56
2019-04-15,2026-06-22,2026-06-22,2.55
2019-04-16,2026-06-22,2026-06-22,2.60
2019-04-17,2026-06-22,2026-06-22,2.59
2019-04-18,2026-06-22,2026-06-22,2.57
2019-04-19,2026-06-22,2026-06-22,.
2019-04-22,2026-06-22,2026-06-22,2.59
2019-04-23,2026-06-22,2026-06-22,2.57
2019-04-24,2026-06-22,2026-06-22,2.53
2019-04-25,2026-06-22,2026-06-22,2.54
2019-04-26,2026-06-22,2026-06-22,2.51
2019-04-29,2026-06-22,2026-06-22,2.54
2019-04-30,2026-06-22,2026-06-22,2.51
2019-05-01,2026-06-22,2026-06-22,2.52
2019-05-02,2026-06-22,2026-06-22,2.55
2019-05-03,2026-06-22,2026-06-22,2.54
2019-05-06,2026-06-22,2026-06-22,2.51
2019-05-07,2026-06-22,2026-06-22,2.45
2019-05-08,2026-06-22,2026-06-22,2.49
2019-05-09,2026-06-22,2026-06-22,2.45
2019-05-10,2026-06-22,2026-06-22,2.47
2019-05-13,2026-06-22,2026-06-22,2.40
2019-05-14,2026-06-22,2026-06-22,2.42
2019-05-15,2026-06-22,2026-06-22,2.37
2019-05-16,2026-06-22,2026-06-22,2.40
2019-05-17,2026-06-22,2026-06-22,2.39
2019-05-20,2026-06-22,2026-06-22,2.41
2019-05-21,2026-06-22,2026-06-22,2.43
2019-05-22,2026-06-22,2026-06-22,2.39
2019-05-23,2026-06-22,2026-06-22,2.31
2019-05-24,2026-06-22,2026-06-22,2.32
2019-05-27,2026-06-22,2026-06-22,.
2019-05-28,2026-06-22,2026-06-22,2.26
2019-05-29,2026-06-22,2026-06-22,2.25
2019-05-30,2026-06-22,2026-06-22,2.22
2019-05-31,2026-06-22,2026-06-22,2.14
2019-06-03,2026-06-22,2026-06-22,2.07
2019-06-04,2026-06-22,2026-06-22,2.12
2019-06-05,2026-06-22,2026-06-22,2.12
2019-06-06,2026-06-22,2026-06-22,2.12
2019-06-07,2026-06-22,2026-06-22,2.09
2019-06-10,2026-06-22,2026-06-22,2.15
2019-06-11,2026-06-22,2026-06-22,2.15
2019-06-12,2026-06-22,2026-06-22,2.13
2019-06-13,2026-06-22,2026-06-22,2.10
2019-06-14,2026-06-22,2026-06-22,2.09
2019-06-17,2026-06-22,2026-06-22,2.09
2019-06-18,2026-06-22,2026-06-22,2.06
2019-06-19,2026-06-22,2026-06-22,2.03
2019-06-20,2026-06-22,2026-06-22,2.01
2019-06-21,2026-06-22,2026-06-22,2.07
2019-06-24,2026-06-22,2026-06-22,2.02
2019-06-25,2026-06-22,2026-06-22,2.00
2019-06-26,2026-06-22,2026-06-22,2.05
2019-06-27,2026-06-22,2026-06-22,2.01
2019-06-28,2026-06-22,2026-06-22,2.00
2019-07-01,2026-06-22,2026-06-22,2.03
2019-07-02,2026-06-22,2026-06-22,1.98
2019-07-03,2026-06-22,2026-06-22,1.96
2019-07-04,2026-06-22,2026-06-22,.
2019-07-05,2026-06-22,2026-06-22,2.04
2019-07-08,2026-06-22,2026-06-22,2.05
2019-07-09,2026-06-22,2026-06-22,2.07
2019-07-10,2026-06-22,2026-06-22,2.07
2019-07-11,2026-06-22,2026-06-22,2.13
2019-07-12,2026-06-22,2026-06-22,2.12
2019-07-15,2026-06-22,2026-06-22,2.09
2019-07-16,2026-06-22,2026-06-22,2.13
2019-07-17,2026-06-22,2026-06-22,2.06
2019-07-18,2026-06-22,2026-06-22,2.04
2019-07-19,2026-06-22,2026-06-22,2.05
2019-07-22,2026-06-22,2026-06-22,2.05
2019-07-23,2026-06-22,2026-06-22,2.08
2019-07-24,2026-06-22,2026-06-22,2.05
2019-07-25,2026-06-22,2026-06-22,2.08
2019-07-26,2026-06-22,2026-06-22,2.08
2019-07-29,2026-06-22,2026-06-22,2.06
2019-07-30,2026-06-22,2026-06-22,2.06
2019-07-31,2026-06-22,2026-06-22,2.02
2019-08-01,2026-06-22,2026-06-22,1.90
2019-08-02,2026-06-22,2026-06-22,1.86
2019-08-05,2026-06-22,2026-06-22,1.75
2019-08-06,2026-06-22,2026-06-22,1.73
2019-08-07,2026-06-22,2026-06-22,1.71
2019-08-08,2026-06-22,2026-06-22,1.72
2019-08-09,2026-06-22,2026-06-22,1.74
2019-08-12,2026-06-22,2026-06-22,1.65
2019-08-13,2026-06-22,2026-06-22,1.68
2019-08-14,2026-06-22,2026-06-22,1.59
2019-08-15,2026-06-22,2026-06-22,1.52
2019-08-16,2026-06-22,2026-06-22,1.55
2019-08-19,2026-06-22,2026-06-22,1.60
2019-08-20,2026-06-22,2026-06-22,1.55
2019-08-21,2026-06-22,2026-06-22,1.59
2019-08-22,2026-06-22,2026-06-22,1.62
2019-08-23,2026-06-22,2026-06-22,1.52
2019-08-26,2026-06-22,2026-06-22,1.54
2019-08-27,2026-06-22,2026-06-22,1.49
2019-08-28,2026-06-22,2026-06-22,1.47
2019-08-29,2026-06-22,2026-06-22,1.50
2019-08-30,2026-06-22,2026-06-22,1.50
2019-09-02,2026-06-22,2026-06-22,.
2019-09-03,2026-06-22,2026-06-22,1.47
2019-09-04,2026-06-22,2026-06-22,1.47
2019-09-05,2026-06-22,2026-06-22,1.57
2019-09-06,2026-06-22,2026-06-22,1.55
2019-09-09,2026-06-22,2026-06-22,1.63
2019-09-10,2026-06-22,2026-06-22,1.72
2019-09-11,2026-06-22,2026-06-22,1.75
2019-09-12,2026-06-22,2026-06-22,1.79
2019-09-13,2026-06-22,2026-06-22,1.90
2019-09-16,2026-06-22,2026-06-22,1.84
2019-09-17,2026-06-22,2026-06-22,1.81
2019-09-18,2026-06-22,2026-06-22,1.80
2019-09-19,2026-06-22,2026-06-22,1.79
2019-09-20,2026-06-22,2026-06-22,1.74
2019-09-23,2026-06-22,2026-06-22,1.72
2019-09-24,2026-06-22,2026-06-22,1.64
2019-09-25,2026-06-22,2026-06-22,1.73
2019-09-26,2026-06-22,2026-06-22,1.70
2019-09-27,2026-06-22,2026-06-22,1.69
2019-09-30,2026-06-22,2026-06-22,1.68
2019-10-01,2026-06-22,2026-06-22,1.65
2019-10-02,2026-06-22,2026-06-22,1.60
2019-10-03,2026-06-22,2026-06-22,1.54
2019-10-04,2026-06-22,2026-06-22,1.52
2019-10-07,2026-06-22,2026-06-22,1.56
2019-10-08,2026-06-22,2026-06-22,1.54
2019-10-09,2026-06-22,2026-06-22,1.59
2019-10-10,2026-06-22,2026-06-22,1.67
2019-10-11,2026-06-22,2026-06-22,1.76
2019-10-14,2026-06-22,2026-06-22,.
2019-10-15,2026-06-22,2026-06-22,1.77
2019-10-16,2026-06-22,2026-06-22,1.75
2019-10-17,2026-06-22,2026-06-22,1.76
2019-10-18,2026-06-22,2026-06-22,1.76
2019-10-21,2026-06-22,2026-06-22,1.80
2019-10-22,2026-06-22,2026-06-22,1.78
2019-10-23,2026-06-22,2026-06-22,1.77
2019-10-24,2026-06-22,2026-06-22,1.77
2019-10-25,2026-06-22,2026-06-22,1.80
2019-10-28,2026-06-22,2026-06-22,1.85
2019-10-29,2026-06-22,2026-06-22,1.84
2019-10-30,2026-06-22,2026-06-22,1.78
2019-10-31,2026-06-22,2026-06-22,1.69
2019-11-01,2026-06-22,2026-06-22,1.73
2019-11-04,2026-06-22,2026-06-22,1.79
2019-11-05,2026-06-22,2026-06-22,1.86
2019-11-06,2026-06-22,2026-06-22,1.81
2019-11-07,2026-06-22,2026-06-22,1.92
2019-11-08,2026-06-22,2026-06-22,1.94
2019-11-11,2026-06-22,2026-06-22,.
2019-11-12,2026-06-22,2026-06-22,1.92
2019-11-13,2026-06-22,2026-06-22,1.88
2019-11-14,2026-06-22,2026-06-22,1.82
2019-11-15,2026-06-22,2026-06-22,1.84
2019-11-18,2026-06-22,2026-06-22,1.81
2019-11-19,2026-06-22,2026-06-22,1.79
2019-11-20,2026-06-22,2026-06-22,1.73
2019-11-21,2026-06-22,2026-06-22,1.77
2019-11-22,2026-06-22,2026-06-22,1.77
2019-11-25,2026-06-22,2026-06-22,1.76
2019-11-26,2026-06-22,2026-06-22,1.74
2019-11-27,2026-06-22,2026-06-22,1.77
2019-11-28,2026-06-22,2026-06-22,.
2019-11-29,2026-06-22,2026-06-22,1.78
2019-12-02,2026-06-22,2026-06-22,1.83
2019-12-03,2026-06-22,2026-06-22,1.72
2019-12-04,2026-06-22,2026-06-22,1.77
2019-12-05,2026-06-22,2026-06-22,1.80
2019-12-06,2026-06-22,2026-06-22,1.84
2019-12-09,2026-06-22,2026-06-22,1.83
2019-12-10,2026-06-22,2026-06-22,1.85
2019-12-11,2026-06-22,2026-06-22,1.79
2019-12-12,2026-06-22,2026-06-22,1.90
2019-12-13,2026-06-22,2026-06-22,1.82
2019-12-16,2026-06-22,2026-06-22,1.89
2019-12-17,2026-06-22,2026-06-22,1.89
2019-12-18,2026-06-22,2026-06-22,1.92
2019-12-19,2026-06-22,2026-06-22,1.92
2019-12-20,2026-06-22,2026-06-22,1.92
2019-12-23,2026-06-22,2026-06-22,1.93
2019-12-24,2026-06-22,2026-06-22,1.90
2019-12-25,2026-06-22,2026-06-22,.
2019-12-26,2026-06-22,2026-06-22,1.90
2019-12-27,2026-06-22,2026-06-22,1.88
2019-12-30,2026-06-22,2026-06-22,1.90
2019-12-31,2026-06-22,2026-06-22,1.92
2020-01-01,2026-06-22,2026-06-22,.
2020-01-02,2026-06-22,2026-06-22,1.88
2020-01-03,2026-06-22,2026-06-22,1.80
2020-01-06,2026-06-22,2026-06-22,1.81
2020-01-07,2026-06-22,2026-06-22,1.83
2020-01-08,2026-06-22,2026-06-22,1.87
2020-01-09,2026-06-22,2026-06-22,1.85
2020-01-10,2026-06-22,2026-06-22,1.83
2020-01-13,2026-06-22,2026-06-22,1.85
2020-01-14,2026-06-22,2026-06-22,1.82
2020-01-15,2026-06-22,2026-06-22,1.79
2020-01-16,2026-06-22,2026-06-22,1.81
2020-01-17,2026-06-22,2026-06-22,1.84
2020-01-20,2026-06-22,2026-06-22,.
2020-01-21,2026-06-22,2026-06-22,1.78
2020-01-22,2026-06-22,2026-06-22,1.77
2020-01-23,2026-06-22,2026-06-22,1.74
2020-01-24,2026-06-22,2026-06-22,1.70
2020-01-27,2026-06-22,2026-06-22,1.61
2020-01-28,2026-06-22,2026-06-22,1.65
2020-01-29,2026-06-22,2026-06-22,1.60
2020-01-30,2026-06-22,2026-06-22,1.57
2020-01-31,2026-06-22,2026-06-22,1.51
2020-02-03,2026-06-22,2026-06-22,1.54
2020-02-04,2026-06-22,2026-06-22,1.61
2020-02-05,2026-06-22,2026-06-22,1.66
2020-02-06,2026-06-22,2026-06-22,1.65
2020-02-07,2026-06-22,2026-06-22,1.59
2020-02-10,2026-06-22,2026-06-22,1.56
2020-02-11,2026-06-22,2026-06-22,1.59
2020-02-12,2026-06-22,2026-06-22,1.62
2020-02-13,2026-06-22,2026-06-22,1.61
2020-02-14,2026-06-22,2026-06-22,1.59
2020-02-17,2026-06-22,2026-06-22,.
2020-02-18,2026-06-22,2026-06-22,1.55
2020-02-19,2026-06-22,2026-06-22,1.56
2020-02-20,2026-06-22,2026-06-22,1.52
2020-02-21,2026-06-22,2026-06-22,1.46
2020-02-24,2026-06-22,2026-06-22,1.38
2020-02-25,2026-06-22,2026-06-22,1.33
2020-02-26,2026-06-22,2026-06-22,1.33
2020-02-27,2026-06-22,2026-06-22,1.30
2020-02-28,2026-06-22,2026-06-22,1.13
2020-03-02,2026-06-22,2026-06-22,1.10
2020-03-03,2026-06-22,2026-06-22,1.02
2020-03-04,2026-06-22,2026-06-22,1.02
2020-03-05,2026-06-22,2026-06-22,0.92
2020-03-06,2026-06-22,2026-06-22,0.74
2020-03-09,2026-06-22,2026-06-22,0.54
2020-03-10,2026-06-22,2026-06-22,0.76
2020-03-11,2026-06-22,2026-06-22,0.82
2020-03-12,2026-06-22,2026-06-22,0.88
2020-03-13,2026-06-22,2026-06-22,0.94
2020-03-16,2026-06-22,2026-06-22,0.73
2020-03-17,2026-06-22,2026-06-22,1.02
2020-03-18,2026-06-22,2026-06-22,1.18
2020-03-19,2026-06-22,2026-06-22,1.12
2020-03-20,2026-06-22,2026-06-22,0.92
2020-03-23,2026-06-22,2026-06-22,0.76
2020-03-24,2026-06-22,2026-06-22,0.84
2020-03-25,2026-06-22,2026-06-22,0.88
2020-03-26,2026-06-22,2026-06-22,0.83
2020-03-27,2026-06-22,2026-06-22,0.72
2020-03-30,2026-06-22,2026-06-22,0.70
2020-03-31,2026-06-22,2026-06-22,0.70
2020-04-01,2026-06-22,2026-06-22,0.62
2020-04-02,2026-06-22,2026-06-22,0.63
2020-04-03,2026-06-22,2026-06-22,0.62
2020-04-06,2026-06-22,2026-06-22,0.67
2020-04-07,2026-06-22,2026-06-22,0.75
2020-04-08,2026-06-22,2026-06-22,0.77
2020-04-09,2026-06-22,2026-06-22,0.73
2020-04-10,2026-06-22,2026-06-22,.
2020-04-13,2026-06-22,2026-06-22,0.76
2020-04-14,2026-06-22,2026-06-22,0.76
2020-04-15,2026-06-22,2026-06-22,0.63
2020-04-16,2026-06-22,2026-06-22,0.61
2020-04-17,2026-06-22,2026-06-22,0.65
2020-04-20,2026-06-22,2026-06-22,0.63
2020-04-21,2026-06-22,2026-06-22,0.58
2020-04-22,2026-06-22,2026-06-22,0.63
2020-04-23,2026-06-22,2026-06-22,0.61
2020-04-24,2026-06-22,2026-06-22,0.60
2020-04-27,2026-06-22,2026-06-22,0.67
2020-04-28,2026-06-22,2026-06-22,0.62
2020-04-29,2026-06-22,2026-06-22,0.63
2020-04-30,2026-06-22,2026-06-22,0.64
2020-05-01,2026-06-22,2026-06-22,0.64
2020-05-04,2026-06-22,2026-06-22,0.64
2020-05-05,2026-06-22,2026-06-22,0.66
2020-05-06,2026-06-22,2026-06-22,0.72
2020-05-07,2026-06-22,2026-06-22,0.63
2020-05-08,2026-06-22,2026-06-22,0.69
2020-05-11,2026-06-22,2026-06-22,0.73
2020-05-12,2026-06-22,2026-06-22,0.69
2020-05-13,2026-06-22,2026-06-22,0.64
2020-05-14,2026-06-22,2026-06-22,0.63
2020-05-15,2026-06-22,2026-06-22,0.64
2020-05-18,2026-06-22,2026-06-22,0.73
2020-05-19,2026-06-22,2026-06-22,0.70
2020-05-20,2026-06-22,2026-06-22,0.68
2020-05-21,2026-06-22,2026-06-22,0.68
2020-05-22,2026-06-22,2026-06-22,0.66
2020-05-25,2026-06-22,2026-06-22,.
2020-05-26,2026-06-22,2026-06-22,0.69
2020-05-27,2026-06-22,2026-06-22,0.68
2020-05-28,2026-06-22,2026-06-22,0.70
2020-05-29,2026-06-22,2026-06-22,0.65
2020-06-01,2026-06-22,2026-06-22,0.66
2020-06-02,2026-06-22,2026-06-22,0.68
2020-06-03,2026-06-22,2026-06-22,0.77
2020-06-04,2026-06-22,2026-06-22,0.82
2020-06-05,2026-06-22,2026-06-22,0.91
2020-06-08,2026-06-22,2026-06-22,0.88
2020-06-09,2026-06-22,2026-06-22,0.84
2020-06-10,2026-06-22,2026-06-22,0.75
2020-06-11,2026-06-22,2026-06-22,0.66
2020-06-12,2026-06-22,2026-06-22,0.71
2020-06-15,2026-06-22,2026-06-22,0.71
2020-06-16,2026-06-22,2026-06-22,0.75
2020-06-17,2026-06-22,2026-06-22,0.74
2020-06-18,2026-06-22,2026-06-22,0.71
2020-06-19,2026-06-22,2026-06-22,0.70
2020-06-22,2026-06-22,2026-06-22,0.71
2020-06-23,2026-06-22,2026-06-22,0.72
2020-06-24,2026-06-22,2026-06-22,0.69
2020-06-25,2026-06-22,2026-06-22,0.68
2020-06-26,2026-06-22,2026-06-22,0.64
2020-06-29,2026-06-22,2026-06-22,0.64
2020-06-30,2026-06-22,2026-06-22,0.66
2020-07-01,2026-06-22,2026-06-22,0.69
2020-07-02,2026-06-22,2026-06-22,0.68
2020-07-03,2026-06-22,2026-06-22,.
2020-07-06,2026-06-22,2026-06-22,0.69
2020-07-07,2026-06-22,2026-06-22,0.65
2020-07-08,2026-06-22,2026-06-22,0.67
2020-07-09,2026-06-22,2026-06-22,0.62
2020-07-10,2026-06-22,2026-06-22,0.65
2020-07-13,2026-06-22,2026-06-22,0.64
2020-07-14,2026-06-22,2026-06-22,0.63
2020-07-15,2026-06-22,2026-06-22,0.64
2020-07-16,2026-06-22,2026-06-22,0.62
2020-07-17,2026-06-22,2026-06-22,0.64
2020-07-20,2026-06-22,2026-06-22,0.62
2020-07-21,2026-06-22,2026-06-22,0.61
2020-07-22,2026-06-22,2026-06-22,0.60
2020-07-23,2026-06-22,2026-06-22,0.59
2020-07-24,2026-06-22,2026-06-22,0.59
2020-07-27,2026-06-22,2026-06-22,0.62
2020-07-28,2026-06-22,2026-06-22,0.59
2020-07-29,2026-06-22,2026-06-22,0.58
2020-07-30,2026-06-22,2026-06-22,0.55
2020-07-31,2026-06-22,2026-06-22,0.55
2020-08-03,2026-06-22,2026-06-22,0.56
2020-08-04,2026-06-22,2026-06-22,0.52
2020-08-05,2026-06-22,2026-06-22,0.55
2020-08-06,2026-06-22,2026-06-22,0.55
2020-08-07,2026-06-22,2026-06-22,0.57
2020-08-10,2026-06-22,2026-06-22,0.59
2020-08-11,2026-06-22,2026-06-22,0.64
2020-08-12,2026-06-22,2026-06-22,0.69
2020-08-13,2026-06-22,2026-06-22,0.71
2020-08-14,2026-06-22,2026-06-22,0.71
2020-08-17,2026-06-22,2026-06-22,0.69
2020-08-18,2026-06-22,2026-06-22,0.67
2020-08-19,2026-06-22,2026-06-22,0.68
2020-08-20,2026-06-22,2026-06-22,0.65
2020-08-21,2026-06-22,2026-06-22,0.64
2020-08-24,2026-06-22,2026-06-22,0.65
2020-08-25,2026-06-22,2026-06-22,0.69
2020-08-26,2026-06-22,2026-06-22,0.69
2020-08-27,2026-06-22,2026-06-22,0.74
2020-08-28,2026-06-22,2026-06-22,0.74
2020-08-31,2026-06-22,2026-06-22,0.72
2020-09-01,2026-06-22,2026-06-22,0.68
2020-09-02,2026-06-22,2026-06-22,0.66
2020-09-03,2026-06-22,2026-06-22,0.63
2020-09-04,2026-06-22,2026-06-22,0.72
2020-09-07,2026-06-22,2026-06-22,.
2020-09-08,2026-06-22,2026-06-22,0.69
2020-09-09,2026-06-22,2026-06-22,0.71
2020-09-10,2026-06-22,2026-06-22,0.68
2020-09-11,2026-06-22,2026-06-22,0.67
2020-09-14,2026-06-22,2026-06-22,0.68
2020-09-15,2026-06-22,2026-06-22,0.68
2020-09-16,2026-06-22,2026-06-22,0.69
2020-09-17,2026-06-22,2026-06-22,0.69
2020-09-18,2026-06-22,2026-06-22,0.70
2020-09-21,2026-06-22,2026-06-22,0.68
2020-09-22,2026-06-22,2026-06-22,0.68
2020-09-23,2026-06-22,2026-06-22,0.68
2020-09-24,2026-06-22,2026-06-22,0.67
2020-09-25,2026-06-22,2026-06-22,0.66
2020-09-28,2026-06-22,2026-06-22,0.67
2020-09-29,2026-06-22,2026-06-22,0.66
2020-09-30,2026-06-22,2026-06-22,0.69
2020-10-01,2026-06-22,2026-06-22,0.68
2020-10-02,2026-06-22,2026-06-22,0.70
2020-10-05,2026-06-22,2026-06-22,0.78
2020-10-06,2026-06-22,2026-06-22,0.76
2020-10-07,2026-06-22,2026-06-22,0.81
2020-10-08,2026-06-22,2026-06-22,0.78
2020-10-09,2026-06-22,2026-06-22,0.79
2020-10-12,2026-06-22,2026-06-22,.
2020-10-13,2026-06-22,2026-06-22,0.74
2020-10-14,2026-06-22,2026-06-22,0.73
2020-10-15,2026-06-22,2026-06-22,0.74
2020-10-16,2026-06-22,2026-06-22,0.76
2020-10-19,2026-06-22,2026-06-22,0.78
2020-10-20,2026-06-22,2026-06-22,0.81
2020-10-21,2026-06-22,2026-06-22,0.83
2020-10-22,2026-06-22,2026-06-22,0.87
2020-10-23,2026-06-22,2026-06-22,0.85
2020-10-26,2026-06-22,2026-06-22,0.81
2020-10-27,2026-06-22,2026-06-22,0.79
2020-10-28,2026-06-22,2026-06-22,0.79
2020-10-29,2026-06-22,2026-06-22,0.85
2020-10-30,2026-06-22,2026-06-22,0.88
2020-11-02,2026-06-22,2026-06-22,0.87
2020-11-03,2026-06-22,2026-06-22,0.90
2020-11-04,2026-06-22,2026-06-22,0.78
2020-11-05,2026-06-22,2026-06-22,0.79
2020-11-06,2026-06-22,2026-06-22,0.83
2020-11-09,2026-06-22,2026-06-22,0.96
2020-11-10,2026-06-22,2026-06-22,0.98
2020-11-11,2026-06-22,2026-06-22,.
2020-11-12,2026-06-22,2026-06-22,0.88
2020-11-13,2026-06-22,2026-06-22,0.89
2020-11-16,2026-06-22,2026-06-22,0.91
2020-11-17,2026-06-22,2026-06-22,0.87
2020-11-18,2026-06-22,2026-06-22,0.88
2020-11-19,2026-06-22,2026-06-22,0.86
2020-11-20,2026-06-22,2026-06-22,0.83
2020-11-23,2026-06-22,2026-06-22,0.86
2020-11-24,2026-06-22,2026-06-22,0.88
2020-11-25,2026-06-22,2026-06-22,0.88
2020-11-26,2026-06-22,2026-06-22,.
2020-11-27,2026-06-22,2026-06-22,0.84
2020-11-30,2026-06-22,2026-06-22,0.84
2020-12-01,2026-06-22,2026-06-22,0.92
2020-12-02,2026-06-22,2026-06-22,0.95
2020-12-03,2026-06-22,2026-06-22,0.92
2020-12-04,2026-06-22,2026-06-22,0.97
2020-12-07,2026-06-22,2026-06-22,0.94
2020-12-08,2026-06-22,2026-06-22,0.92
2020-12-09,2026-06-22,2026-06-22,0.95
2020-12-10,2026-06-22,2026-06-22,0.92
2020-12-11,2026-06-22,2026-06-22,0.90
2020-12-14,2026-06-22,2026-06-22,0.90
2020-12-15,2026-06-22,2026-06-22,0.92
2020-12-16,2026-06-22,2026-06-22,0.92
2020-12-17,2026-06-22,2026-06-22,0.94
2020-12-18,2026-06-22,2026-06-22,0.95
2020-12-21,2026-06-22,2026-06-22,0.95
2020-12-22,2026-06-22,2026-06-22,0.93
2020-12-23,2026-06-22,2026-06-22,0.96
2020-12-24,2026-06-22,2026-06-22,0.94
2020-12-25,2026-06-22,2026-06-22,.
2020-12-28,2026-06-22,2026-06-22,0.94
2020-12-29,2026-06-22,2026-06-22,0.94
2020-12-30,2026-06-22,2026-06-22,0.93
2020-12-31,2026-06-22,2026-06-22,0.93
2021-01-01,2026-06-22,2026-06-22,.
2021-01-04,2026-06-22,2026-06-22,0.93
2021-01-05,2026-06-22,2026-06-22,0.96
2021-01-06,2026-06-22,2026-06-22,1.04
2021-01-07,2026-06-22,2026-06-22,1.08
2021-01-08,2026-06-22,2026-06-22,1.13
2021-01-11,2026-06-22,2026-06-22,1.15
2021-01-12,2026-06-22,2026-06-22,1.15
2021-01-13,2026-06-22,2026-06-22,1.10
2021-01-14,2026-06-22,2026-06-22,1.15
2021-01-15,2026-06-22,2026-06-22,1.11
2021-01-18,2026-06-22,2026-06-22,.
2021-01-19,2026-06-22,2026-06-22,1.10
2021-01-20,2026-06-22,2026-06-22,1.10
2021-01-21,2026-06-22,2026-06-22,1.12
2021-01-22,2026-06-22,2026-06-22,1.10
2021-01-25,2026-06-22,2026-06-22,1.05
2021-01-26,2026-06-22,2026-06-22,1.05
2021-01-27,2026-06-22,2026-06-22,1.04
2021-01-28,2026-06-22,2026-06-22,1.07
2021-01-29,2026-06-22,2026-06-22,1.11
2021-02-01,2026-06-22,2026-06-22,1.09
2021-02-02,2026-06-22,2026-06-22,1.12
2021-02-03,2026-06-22,2026-06-22,1.15
2021-02-04,2026-06-22,2026-06-22,1.15
2021-02-05,2026-06-22,2026-06-22,1.19
2021-02-08,2026-06-22,2026-06-22,1.19
2021-02-09,2026-06-22,2026-06-22,1.18
2021-02-10,2026-06-22,2026-06-22,1.15
2021-02-11,2026-06-22,2026-06-22,1.16
2021-02-12,2026-06-22,2026-06-22,1.20
2021-02-15,2026-06-22,2026-06-22,.
2021-02-16,2026-06-22,2026-06-22,1.30
2021-02-17,2026-06-22,2026-06-22,1.29
2021-02-18,2026-06-22,2026-06-22,1.29
2021-02-19,2026-06-22,2026-06-22,1.34
2021-02-22,2026-06-22,2026-06-22,1.37
2021-02-23,2026-06-22,2026-06-22,1.37
2021-02-24,2026-06-22,2026-06-22,1.38
2021-02-25,2026-06-22,2026-06-22,1.54
2021-02-26,2026-06-22,2026-06-22,1.44
2021-03-01,2026-06-22,2026-06-22,1.45
2021-03-02,2026-06-22,2026-06-22,1.42
2021-03-03,2026-06-22,2026-06-22,1.47
2021-03-04,2026-06-22,2026-06-22,1.54
2021-03-05,2026-06-22,2026-06-22,1.56
2021-03-08,2026-06-22,2026-06-22,1.59
2021-03-09,2026-06-22,2026-06-22,1.55
2021-03-10,2026-06-22,2026-06-22,1.53
2021-03-11,2026-06-22,2026-06-22,1.54
2021-03-12,2026-06-22,2026-06-22,1.64
2021-03-15,2026-06-22,2026-06-22,1.62
2021-03-16,2026-06-22,2026-06-22,1.62
2021-03-17,2026-06-22,2026-06-22,1.63
2021-03-18,2026-06-22,2026-06-22,1.71
2021-03-19,2026-06-22,2026-06-22,1.74
2021-03-22,2026-06-22,2026-06-22,1.69
2021-03-23,2026-06-22,2026-06-22,1.63
2021-03-24,2026-06-22,2026-06-22,1.62
2021-03-25,2026-06-22,2026-06-22,1.63
2021-03-26,2026-06-22,2026-06-22,1.67
2021-03-29,2026-06-22,2026-06-22,1.73
2021-03-30,2026-06-22,2026-06-22,1.73
2021-03-31,2026-06-22,2026-06-22,1.74
2021-04-01,2026-06-22,2026-06-22,1.69
2021-04-02,2026-06-22,2026-06-22,1.72
2021-04-05,2026-06-22,2026-06-22,1.73
2021-04-06,2026-06-22,2026-06-22,1.67
2021-04-07,2026-06-22,2026-06-22,1.68
2021-04-08,2026-06-22,2026-06-22,1.64
2021-04-09,2026-06-22,2026-06-22,1.67
2021-04-12,2026-06-22,2026-06-22,1.69
2021-04-13,2026-06-22,2026-06-22,1.64
2021-04-14,2026-06-22,2026-06-22,1.64
2021-04-15,2026-06-22,2026-06-22,1.56
2021-04-16,2026-06-22,2026-06-22,1.59
2021-04-19,2026-06-22,2026-06-22,1.61
2021-04-20,2026-06-22,2026-06-22,1.58
2021-04-21,2026-06-22,2026-06-22,1.57
2021-04-22,2026-06-22,2026-06-22,1.57
2021-04-23,2026-06-22,2026-06-22,1.58
2021-04-26,2026-06-22,2026-06-22,1.58
2021-04-27,2026-06-22,2026-06-22,1.63
2021-04-28,2026-06-22,2026-06-22,1.63
2021-04-29,2026-06-22,2026-06-22,1.65
2021-04-30,2026-06-22,2026-06-22,1.65
2021-05-03,2026-06-22,2026-06-22,1.63
2021-05-04,2026-06-22,2026-06-22,1.61
2021-05-05,2026-06-22,2026-06-22,1.59
2021-05-06,2026-06-22,2026-06-22,1.58
2021-05-07,2026-06-22,2026-06-22,1.60
2021-05-10,2026-06-22,2026-06-22,1.63
2021-05-11,2026-06-22,2026-06-22,1.64
2021-05-12,2026-06-22,2026-06-22,1.69
2021-05-13,2026-06-22,2026-06-22,1.66
2021-05-14,2026-06-22,2026-06-22,1.63
2021-05-17,2026-06-22,2026-06-22,1.64
2021-05-18,2026-06-22,2026-06-22,1.64
2021-05-19,2026-06-22,2026-06-22,1.68
2021-05-20,2026-06-22,2026-06-22,1.63
2021-05-21,2026-06-22,2026-06-22,1.63
2021-05-24,2026-06-22,2026-06-22,1.61
2021-05-25,2026-06-22,2026-06-22,1.56
2021-05-26,2026-06-22,2026-06-22,1.58
2021-05-27,2026-06-22,2026-06-22,1.61
2021-05-28,2026-06-22,2026-06-22,1.58
2021-05-31,2026-06-22,2026-06-22,.
2021-06-01,2026-06-22,2026-06-22,1.62
2021-06-02,2026-06-22,2026-06-22,1.59
2021-06-03,2026-06-22,2026-06-22,1.63
2021-06-04,2026-06-22,2026-06-22,1.56
2021-06-07,2026-06-22,2026-06-22,1.57
2021-06-08,2026-06-22,2026-06-22,1.53
2021-06-09,2026-06-22,2026-06-22,1.50
2021-06-10,2026-06-22,2026-06-22,1.45
2021-06-11,2026-06-22,2026-06-22,1.47
2021-06-14,2026-06-22,2026-06-22,1.51
2021-06-15,2026-06-22,2026-06-22,1.51
2021-06-16,2026-06-22,2026-06-22,1.57
2021-06-17,2026-06-22,2026-06-22,1.52
2021-06-18,2026-06-22,2026-06-22,1.45
2021-06-21,2026-06-22,2026-06-22,1.50
2021-06-22,2026-06-22,2026-06-22,1.48
2021-06-23,2026-06-22,2026-06-22,1.50
2021-06-24,2026-06-22,2026-06-22,1.49
2021-06-25,2026-06-22,2026-06-22,1.54
2021-06-28,2026-06-22,2026-06-22,1.49
2021-06-29,2026-06-22,2026-06-22,1.49
2021-06-30,2026-06-22,2026-06-22,1.45
2021-07-01,2026-06-22,2026-06-22,1.48
2021-07-02,2026-06-22,2026-06-22,1.44
2021-07-05,2026-06-22,2026-06-22,.
2021-07-06,2026-06-22,2026-06-22,1.37
2021-07-07,2026-06-22,2026-06-22,1.33
2021-07-08,2026-06-22,2026-06-22,1.30
2021-07-09,2026-06-22,2026-06-22,1.37
2021-07-12,2026-06-22,2026-06-22,1.38
2021-07-13,2026-06-22,2026-06-22,1.42
2021-07-14,2026-06-22,2026-06-22,1.37
2021-07-15,2026-06-22,2026-06-22,1.31
2021-07-16,2026-06-22,2026-06-22,1.31
2021-07-19,2026-06-22,2026-06-22,1.19
2021-07-20,2026-06-22,2026-06-22,1.23
2021-07-21,2026-06-22,2026-06-22,1.30
2021-07-22,2026-06-22,2026-06-22,1.27
2021-07-23,2026-06-22,2026-06-22,1.30
2021-07-26,2026-06-22,2026-06-22,1.29
2021-07-27,2026-06-22,2026-06-22,1.25
2021-07-28,2026-06-22,2026-06-22,1.26
2021-07-29,2026-06-22,2026-06-22,1.28
2021-07-30,2026-06-22,2026-06-22,1.24
2021-08-02,2026-06-22,2026-06-22,1.20
2021-08-03,2026-06-22,2026-06-22,1.19
2021-08-04,2026-06-22,2026-06-22,1.19
2021-08-05,2026-06-22,2026-06-22,1.23
2021-08-06,2026-06-22,2026-06-22,1.31
2021-08-09,2026-06-22,2026-06-22,1.33
2021-08-10,2026-06-22,2026-06-22,1.36
2021-08-11,2026-06-22,2026-06-22,1.35
2021-08-12,2026-06-22,2026-06-22,1.36
2021-08-13,2026-06-22,2026-06-22,1.29
2021-08-16,2026-06-22,2026-06-22,1.26
2021-08-17,2026-06-22,2026-06-22,1.26
2021-08-18,2026-06-22,2026-06-22,1.27
2021-08-19,2026-06-22,2026-06-22,1.24
2021-08-20,2026-06-22,2026-06-22,1.26
2021-08-23,2026-06-22,2026-06-22,1.25
2021-08-24,2026-06-22,2026-06-22,1.29
2021-08-25,2026-06-22,2026-06-22,1.35
2021-08-26,2026-06-22,2026-06-22,1.34
2021-08-27,2026-06-22,2026-06-22,1.31
2021-08-30,2026-06-22,2026-06-22,1.29
2021-08-31,2026-06-22,2026-06-22,1.30
2021-09-01,2026-06-22,2026-06-22,1.31
2021-09-02,2026-06-22,2026-06-22,1.29
2021-09-03,2026-06-22,2026-06-22,1.33
2021-09-06,2026-06-22,2026-06-22,.
2021-09-07,2026-06-22,2026-06-22,1.38
2021-09-08,2026-06-22,2026-06-22,1.35
2021-09-09,2026-06-22,2026-06-22,1.30
2021-09-10,2026-06-22,2026-06-22,1.35
2021-09-13,2026-06-22,2026-06-22,1.33
2021-09-14,2026-06-22,2026-06-22,1.28
2021-09-15,2026-06-22,2026-06-22,1.31
2021-09-16,2026-06-22,2026-06-22,1.34
2021-09-17,2026-06-22,2026-06-22,1.37
2021-09-20,2026-06-22,2026-06-22,1.31
2021-09-21,2026-06-22,2026-06-22,1.33
2021-09-22,2026-06-22,2026-06-22,1.32
2021-09-23,2026-06-22,2026-06-22,1.41
2021-09-24,2026-06-22,2026-06-22,1.47
2021-09-27,2026-06-22,2026-06-22,1.48
2021-09-28,2026-06-22,2026-06-22,1.54
2021-09-29,2026-06-22,2026-06-22,1.55
2021-09-30,2026-06-22,2026-06-22,1.52
2021-10-01,2026-06-22,2026-06-22,1.48
2021-10-04,2026-06-22,2026-06-22,1.49
2021-10-05,2026-06-22,2026-06-22,1.54
2021-10-06,2026-06-22,2026-06-22,1.53
2021-10-07,2026-06-22,2026-06-22,1.58
2021-10-08,2026-06-22,2026-06-22,1.61
2021-10-11,2026-06-22,2026-06-22,.
2021-10-12,2026-06-22,2026-06-22,1.59
2021-10-13,2026-06-22,2026-06-22,1.56
2021-10-14,2026-06-22,2026-06-22,1.52
2021-10-15,2026-06-22,2026-06-22,1.59
2021-10-18,2026-06-22,2026-06-22,1.59
2021-10-19,2026-06-22,2026-06-22,1.65
2021-10-20,2026-06-22,2026-06-22,1.65
2021-10-21,2026-06-22,2026-06-22,1.68
2021-10-22,2026-06-22,2026-06-22,1.66
2021-10-25,2026-06-22,2026-06-22,1.64
2021-10-26,2026-06-22,2026-06-22,1.63
2021-10-27,2026-06-22,2026-06-22,1.54
2021-10-28,2026-06-22,2026-06-22,1.57
2021-10-29,2026-06-22,2026-06-22,1.55
2021-11-01,2026-06-22,2026-06-22,1.58
2021-11-02,2026-06-22,2026-06-22,1.56
2021-11-03,2026-06-22,2026-06-22,1.60
2021-11-04,2026-06-22,2026-06-22,1.53
2021-11-05,2026-06-22,2026-06-22,1.45
2021-11-08,2026-06-22,2026-06-22,1.51
2021-11-09,2026-06-22,2026-06-22,1.46
2021-11-10,2026-06-22,2026-06-22,1.56
2021-11-11,2026-06-22,2026-06-22,.
2021-11-12,2026-06-22,2026-06-22,1.58
2021-11-15,2026-06-22,2026-06-22,1.63
2021-11-16,2026-06-22,2026-06-22,1.63
2021-11-17,2026-06-22,2026-06-22,1.60
2021-11-18,2026-06-22,2026-06-22,1.59
2021-11-19,2026-06-22,2026-06-22,1.54
2021-11-22,2026-06-22,2026-06-22,1.63
2021-11-23,2026-06-22,2026-06-22,1.67
2021-11-24,2026-06-22,2026-06-22,1.64
2021-11-25,2026-06-22,2026-06-22,.
2021-11-26,2026-06-22,2026-06-22,1.48
2021-11-29,2026-06-22,2026-06-22,1.52
2021-11-30,2026-06-22,2026-06-22,1.43
2021-12-01,2026-06-22,2026-06-22,1.43
2021-12-02,2026-06-22,2026-06-22,1.44
2021-12-03,2026-06-22,2026-06-22,1.35
2021-12-06,2026-06-22,2026-06-22,1.43
2021-12-07,2026-06-22,2026-06-22,1.48
2021-12-08,2026-06-22,2026-06-22,1.52
2021-12-09,2026-06-22,2026-06-22,1.49
2021-12-10,2026-06-22,2026-06-22,1.48
2021-12-13,2026-06-22,2026-06-22,1.42
2021-12-14,2026-06-22,2026-06-22,1.44
2021-12-15,2026-06-22,2026-06-22,1.47
2021-12-16,2026-06-22,2026-06-22,1.44
2021-12-17,2026-06-22,2026-06-22,1.41
2021-12-20,2026-06-22,2026-06-22,1.43
2021-12-21,2026-06-22,2026-06-22,1.48
2021-12-22,2026-06-22,2026-06-22,1.46
2021-12-23,2026-06-22,2026-06-22,1.50
2021-12-24,2026-06-22,2026-06-22,.
2021-12-27,2026-06-22,2026-06-22,1.48
2021-12-28,2026-06-22,2026-06-22,1.49
2021-12-29,2026-06-22,2026-06-22,1.55
2021-12-30,2026-06-22,2026-06-22,1.52
2021-12-31,2026-06-22,2026-06-22,1.52
2022-01-03,2026-06-22,2026-06-22,1.63
2022-01-04,2026-06-22,2026-06-22,1.66
2022-01-05,2026-06-22,2026-06-22,1.71
2022-01-06,2026-06-22,2026-06-22,1.73
2022-01-07,2026-06-22,2026-06-22,1.76
2022-01-10,2026-06-22,2026-06-22,1.78
2022-01-11,2026-06-22,2026-06-22,1.75
2022-01-12,2026-06-22,2026-06-22,1.74
2022-01-13,2026-06-22,2026-06-22,1.70
2022-01-14,2026-06-22,2026-06-22,1.78
2022-01-17,2026-06-22,2026-06-22,.
2022-01-18,2026-06-22,2026-06-22,1.87
2022-01-19,2026-06-22,2026-06-22,1.83
2022-01-20,2026-06-22,2026-06-22,1.83
2022-01-21,2026-06-22,2026-06-22,1.75
2022-01-24,2026-06-22,2026-06-22,1.75
2022-01-25,2026-06-22,2026-06-22,1.78
2022-01-26,2026-06-22,2026-06-22,1.85
2022-01-27,2026-06-22,2026-06-22,1.81
2022-01-28,2026-06-22,2026-06-22,1.78
2022-01-31,2026-06-22,2026-06-22,1.79
2022-02-01,2026-06-22,2026-06-22,1.81
2022-02-02,2026-06-22,2026-06-22,1.78
2022-02-03,2026-06-22,2026-06-22,1.82
2022-02-04,2026-06-22,2026-06-22,1.93
2022-02-07,2026-06-22,2026-06-22,1.92
2022-02-08,2026-06-22,2026-06-22,1.96
2022-02-09,2026-06-22,2026-06-22,1.94
2022-02-10,2026-06-22,2026-06-22,2.03
2022-02-11,2026-06-22,2026-06-22,1.92
2022-02-14,2026-06-22,2026-06-22,1.98
2022-02-15,2026-06-22,2026-06-22,2.05
2022-02-16,2026-06-22,2026-06-22,2.03
2022-02-17,2026-06-22,2026-06-22,1.97
2022-02-18,2026-06-22,2026-06-22,1.92
2022-02-21,2026-06-22,2026-06-22,.
2022-02-22,2026-06-22,2026-06-22,1.94
2022-02-23,2026-06-22,2026-06-22,1.99
2022-02-24,2026-06-22,2026-06-22,1.96
2022-02-25,2026-06-22,2026-06-22,1.97
2022-02-28,2026-06-22,2026-06-22,1.83
2022-03-01,2026-06-22,2026-06-22,1.72
2022-03-02,2026-06-22,2026-06-22,1.86
2022-03-03,2026-06-22,2026-06-22,1.86
2022-03-04,2026-06-22,2026-06-22,1.74
2022-03-07,2026-06-22,2026-06-22,1.78
2022-03-08,2026-06-22,2026-06-22,1.86
2022-03-09,2026-06-22,2026-06-22,1.94
2022-03-10,2026-06-22,2026-06-22,1.98
2022-03-11,2026-06-22,2026-06-22,2.00
2022-03-14,2026-06-22,2026-06-22,2.14
2022-03-15,2026-06-22,2026-06-22,2.15
2022-03-16,2026-06-22,2026-06-22,2.19
2022-03-17,2026-06-22,2026-06-22,2.20
2022-03-18,2026-06-22,2026-06-22,2.14
2022-03-21,2026-06-22,2026-06-22,2.32
2022-03-22,2026-06-22,2026-06-22,2.38
2022-03-23,2026-06-22,2026-06-22,2.32
2022-03-24,2026-06-22,2026-06-22,2.34
2022-03-25,2026-06-22,2026-06-22,2.48
2022-03-28,2026-06-22,2026-06-22,2.46
2022-03-29,2026-06-22,2026-06-22,2.41
2022-03-30,2026-06-22,2026-06-22,2.35
2022-03-31,2026-06-22,2026-06-22,2.32
2022-04-01,2026-06-22,2026-06-22,2.39
2022-04-04,2026-06-22,2026-06-22,2.42
2022-04-05,2026-06-22,2026-06-22,2.54
2022-04-06,2026-06-22,2026-06-22,2.61
2022-04-07,2026-06-22,2026-06-22,2.66
2022-04-08,2026-06-22,2026-06-22,2.72
2022-04-11,2026-06-22,2026-06-22,2.79
2022-04-12,2026-06-22,2026-06-22,2.72
2022-04-13,2026-06-22,2026-06-22,2.70
2022-04-14,2026-06-22,2026-06-22,2.83
2022-04-15,2026-06-22,2026-06-22,.
2022-04-18,2026-06-22,2026-06-22,2.85
2022-04-19,2026-06-22,2026-06-22,2.93
2022-04-20,2026-06-22,2026-06-22,2.85
2022-04-21,2026-06-22,2026-06-22,2.90
2022-04-22,2026-06-22,2026-06-22,2.90
2022-04-25,2026-06-22,2026-06-22,2.81
2022-04-26,2026-06-22,2026-06-22,2.77
2022-04-27,2026-06-22,2026-06-22,2.82
2022-04-28,2026-06-22,2026-06-22,2.85
2022-04-29,2026-06-22,2026-06-22,2.89
2022-05-02,2026-06-22,2026-06-22,2.99
2022-05-03,2026-06-22,2026-06-22,2.97
2022-05-04,2026-06-22,2026-06-22,2.93
2022-05-05,2026-06-22,2026-06-22,3.05
2022-05-06,2026-06-22,2026-06-22,3.12
2022-05-09,2026-06-22,2026-06-22,3.05
2022-05-10,2026-06-22,2026-06-22,2.99
2022-05-11,2026-06-22,2026-06-22,2.91
2022-05-12,2026-06-22,2026-06-22,2.84
2022-05-13,2026-06-22,2026-06-22,2.93
2022-05-16,2026-06-22,2026-06-22,2.88
2022-05-17,2026-06-22,2026-06-22,2.98
2022-05-18,2026-06-22,2026-06-22,2.89
2022-05-19,2026-06-22,2026-06-22,2.84
2022-05-20,2026-06-22,2026-06-22,2.78
2022-05-23,2026-06-22,2026-06-22,2.86
2022-05-24,2026-06-22,2026-06-22,2.76
2022-05-25,2026-06-22,2026-06-22,2.75
2022-05-26,2026-06-22,2026-06-22,2.75
2022-05-27,2026-06-22,2026-06-22,2.74
2022-05-30,2026-06-22,2026-06-22,.
2022-05-31,2026-06-22,2026-06-22,2.85
2022-06-01,2026-06-22,2026-06-22,2.94
2022-06-02,2026-06-22,2026-06-22,2.92
2022-06-03,2026-06-22,2026-06-22,2.96
2022-06-06,2026-06-22,2026-06-22,3.04
2022-06-07,2026-06-22,2026-06-22,2.98
2022-06-08,2026-06-22,2026-06-22,3.03
2022-06-09,2026-06-22,2026-06-22,3.04
2022-06-10,2026-06-22,2026-06-22,3.15
2022-06-13,2026-06-22,2026-06-22,3.43
2022-06-14,2026-06-22,2026-06-22,3.49
2022-06-15,2026-06-22,2026-06-22,3.33
2022-06-16,2026-06-22,2026-06-22,3.28
2022-06-17,2026-06-22,2026-06-22,3.25
2022-06-20,2026-06-22,2026-06-22,.
2022-06-21,2026-06-22,2026-06-22,3.31
2022-06-22,2026-06-22,2026-06-22,3.16
2022-06-23,2026-06-22,2026-06-22,3.09
2022-06-24,2026-06-22,2026-06-22,3.13
2022-06-27,2026-06-22,2026-06-22,3.20
2022-06-28,2026-06-22,2026-06-22,3.20
2022-06-29,2026-06-22,2026-06-22,3.10
2022-06-30,2026-06-22,2026-06-22,2.98
2022-07-01,2026-06-22,2026-06-22,2.88
2022-07-04,2026-06-22,2026-06-22,.
2022-07-05,2026-06-22,2026-06-22,2.82
2022-07-06,2026-06-22,2026-06-22,2.93
2022-07-07,2026-06-22,2026-06-22,3.01
2022-07-08,2026-06-22,2026-06-22,3.09
2022-07-11,2026-06-22,2026-06-22,2.99
2022-07-12,2026-06-22,2026-06-22,2.96
2022-07-13,2026-06-22,2026-06-22,2.91
2022-07-14,2026-06-22,2026-06-22,2.96
2022-07-15,2026-06-22,2026-06-22,2.93
2022-07-18,2026-06-22,2026-06-22,2.96
2022-07-19,2026-06-22,2026-06-22,3.01
2022-07-20,2026-06-22,2026-06-22,3.04
2022-07-21,2026-06-22,2026-06-22,2.91
2022-07-22,2026-06-22,2026-06-22,2.77
2022-07-25,2026-06-22,2026-06-22,2.81
2022-07-26,2026-06-22,2026-06-22,2.81
2022-07-27,2026-06-22,2026-06-22,2.78
2022-07-28,2026-06-22,2026-06-22,2.68
2022-07-29,2026-06-22,2026-06-22,2.67
2022-08-01,2026-06-22,2026-06-22,2.60
2022-08-02,2026-06-22,2026-06-22,2.75
2022-08-03,2026-06-22,2026-06-22,2.73
2022-08-04,2026-06-22,2026-06-22,2.68
2022-08-05,2026-06-22,2026-06-22,2.83
2022-08-08,2026-06-22,2026-06-22,2.77
2022-08-09,2026-06-22,2026-06-22,2.80
2022-08-10,2026-06-22,2026-06-22,2.78
2022-08-11,2026-06-22,2026-06-22,2.87
2022-08-12,2026-06-22,2026-06-22,2.84
2022-08-15,2026-06-22,2026-06-22,2.79
2022-08-16,2026-06-22,2026-06-22,2.82
2022-08-17,2026-06-22,2026-06-22,2.89
2022-08-18,2026-06-22,2026-06-22,2.88
2022-08-19,2026-06-22,2026-06-22,2.98
2022-08-22,2026-06-22,2026-06-22,3.03
2022-08-23,2026-06-22,2026-06-22,3.05
2022-08-24,2026-06-22,2026-06-22,3.11
2022-08-25,2026-06-22,2026-06-22,3.03
2022-08-26,2026-06-22,2026-06-22,3.04
2022-08-29,2026-06-22,2026-06-22,3.12
2022-08-30,2026-06-22,2026-06-22,3.11
2022-08-31,2026-06-22,2026-06-22,3.15
2022-09-01,2026-06-22,2026-06-22,3.26
2022-09-02,2026-06-22,2026-06-22,3.20
2022-09-05,2026-06-22,2026-06-22,.
2022-09-06,2026-06-22,2026-06-22,3.33
2022-09-07,2026-06-22,2026-06-22,3.27
2022-09-08,2026-06-22,2026-06-22,3.29
2022-09-09,2026-06-22,2026-06-22,3.33
2022-09-12,2026-06-22,2026-06-22,3.37
2022-09-13,2026-06-22,2026-06-22,3.42
2022-09-14,2026-06-22,2026-06-22,3.41
2022-09-15,2026-06-22,2026-06-22,3.45
2022-09-16,2026-06-22,2026-06-22,3.45
2022-09-19,2026-06-22,2026-06-22,3.49
2022-09-20,2026-06-22,2026-06-22,3.57
2022-09-21,2026-06-22,2026-06-22,3.51
2022-09-22,2026-06-22,2026-06-22,3.70
2022-09-23,2026-06-22,2026-06-22,3.69
2022-09-26,2026-06-22,2026-06-22,3.88
2022-09-27,2026-06-22,2026-06-22,3.97
2022-09-28,2026-06-22,2026-06-22,3.72
2022-09-29,2026-06-22,2026-06-22,3.76
2022-09-30,2026-06-22,2026-06-22,3.83
2022-10-03,2026-06-22,2026-06-22,3.67
2022-10-04,2026-06-22,2026-06-22,3.62
2022-10-05,2026-06-22,2026-06-22,3.76
2022-10-06,2026-06-22,2026-06-22,3.83
2022-10-07,2026-06-22,2026-06-22,3.89
2022-10-10,2026-06-22,2026-06-22,.
2022-10-11,2026-06-22,2026-06-22,3.93
2022-10-12,2026-06-22,2026-06-22,3.91
2022-10-13,2026-06-22,2026-06-22,3.97
2022-10-14,2026-06-22,2026-06-22,4.00
2022-10-17,2026-06-22,2026-06-22,4.02
2022-10-18,2026-06-22,2026-06-22,4.01
2022-10-19,2026-06-22,2026-06-22,4.14
2022-10-20,2026-06-22,2026-06-22,4.24
2022-10-21,2026-06-22,2026-06-22,4.21
2022-10-24,2026-06-22,2026-06-22,4.25
2022-10-25,2026-06-22,2026-06-22,4.10
2022-10-26,2026-06-22,2026-06-22,4.04
2022-10-27,2026-06-22,2026-06-22,3.96
2022-10-28,2026-06-22,2026-06-22,4.02
2022-10-31,2026-06-22,2026-06-22,4.10
2022-11-01,2026-06-22,2026-06-22,4.07
2022-11-02,2026-06-22,2026-06-22,4.10
2022-11-03,2026-06-22,2026-06-22,4.14
2022-11-04,2026-06-22,2026-06-22,4.17
2022-11-07,2026-06-22,2026-06-22,4.22
2022-11-08,2026-06-22,2026-06-22,4.14
2022-11-09,2026-06-22,2026-06-22,4.12
2022-11-10,2026-06-22,2026-06-22,3.82
2022-11-11,2026-06-22,2026-06-22,.
2022-11-14,2026-06-22,2026-06-22,3.88
2022-11-15,2026-06-22,2026-06-22,3.80
2022-11-16,2026-06-22,2026-06-22,3.67
2022-11-17,2026-06-22,2026-06-22,3.77
2022-11-18,2026-06-22,2026-06-22,3.82
2022-11-21,2026-06-22,2026-06-22,3.83
2022-11-22,2026-06-22,2026-06-22,3.76
2022-11-23,2026-06-22,2026-06-22,3.71
2022-11-24,2026-06-22,2026-06-22,.
2022-11-25,2026-06-22,2026-06-22,3.68
2022-11-28,2026-06-22,2026-06-22,3.69
2022-11-29,2026-06-22,2026-06-22,3.75
2022-11-30,2026-06-22,2026-06-22,3.68
2022-12-01,2026-06-22,2026-06-22,3.53
2022-12-02,2026-06-22,2026-06-22,3.51
2022-12-05,2026-06-22,2026-06-22,3.60
2022-12-06,2026-06-22,2026-06-22,3.51
2022-12-07,2026-06-22,2026-06-22,3.42
2022-12-08,2026-06-22,2026-06-22,3.48
2022-12-09,2026-06-22,2026-06-22,3.57
2022-12-12,2026-06-22,2026-06-22,3.61
2022-12-13,2026-06-22,2026-06-22,3.51
2022-12-14,2026-06-22,2026-06-22,3.49
2022-12-15,2026-06-22,2026-06-22,3.44
2022-12-16,2026-06-22,2026-06-22,3.48
2022-12-19,2026-06-22,2026-06-22,3.57
2022-12-20,2026-06-22,2026-06-22,3.69
2022-12-21,2026-06-22,2026-06-22,3.68
2022-12-22,2026-06-22,2026-06-22,3.67
2022-12-23,2026-06-22,2026-06-22,3.75
2022-12-26,2026-06-22,2026-06-22,.
2022-12-27,2026-06-22,2026-06-22,3.84
2022-12-28,2026-06-22,2026-06-22,3.88
2022-12-29,2026-06-22,2026-06-22,3.83
2022-12-30,2026-06-22,2026-06-22,3.88
2023-01-02,2026-06-22,2026-06-22,.
2023-01-03,2026-06-22,2026-06-22,3.79
2023-01-04,2026-06-22,2026-06-22,3.69
2023-01-05,2026-06-22,2026-06-22,3.71
2023-01-06,2026-06-22,2026-06-22,3.55
2023-01-09,2026-06-22,2026-06-22,3.53
2023-01-10,2026-06-22,2026-06-22,3.61
2023-01-11,2026-06-22,2026-06-22,3.54
2023-01-12,2026-06-22,2026-06-22,3.43
2023-01-13,2026-06-22,2026-06-22,3.49
2023-01-16,2026-06-22,2026-06-22,.
2023-01-17,2026-06-22,2026-06-22,3.53
2023-01-18,2026-06-22,2026-06-22,3.37
2023-01-19,2026-06-22,2026-06-22,3.39
2023-01-20,2026-06-22,2026-06-22,3.48
2023-01-23,2026-06-22,2026-06-22,3.52
2023-01-24,2026-06-22,2026-06-22,3.46
2023-01-25,2026-06-22,2026-06-22,3.46
2023-01-26,2026-06-22,2026-06-22,3.49
2023-01-27,2026-06-22,2026-06-22,3.52
2023-01-30,2026-06-22,2026-06-22,3.55
2023-01-31,2026-06-22,2026-06-22,3.52
2023-02-01,2026-06-22,2026-06-22,3.39
2023-02-02,2026-06-22,2026-06-22,3.40
2023-02-03,2026-06-22,2026-06-22,3.53
2023-02-06,2026-06-22,2026-06-22,3.63
2023-02-07,2026-06-22,2026-06-22,3.67
2023-02-08,2026-06-22,2026-06-22,3.63
2023-02-09,2026-06-22,2026-06-22,3.67
2023-02-10,2026-06-22,2026-06-22,3.74
2023-02-13,2026-06-22,2026-06-22,3.72
2023-02-14,2026-06-22,2026-06-22,3.77
2023-02-15,2026-06-22,2026-06-22,3.81
2023-02-16,2026-06-22,2026-06-22,3.86
2023-02-17,2026-06-22,2026-06-22,3.82
2023-02-20,2026-06-22,2026-06-22,.
2023-02-21,2026-06-22,2026-06-22,3.95
2023-02-22,2026-06-22,2026-06-22,3.93
2023-02-23,2026-06-22,2026-06-22,3.88
2023-02-24,2026-06-22,2026-06-22,3.95
2023-02-27,2026-06-22,2026-06-22,3.92
2023-02-28,2026-06-22,2026-06-22,3.92
2023-03-01,2026-06-22,2026-06-22,4.01
2023-03-02,2026-06-22,2026-06-22,4.08
2023-03-03,2026-06-22,2026-06-22,3.97
2023-03-06,2026-06-22,2026-06-22,3.98
2023-03-07,2026-06-22,2026-06-22,3.97
2023-03-08,2026-06-22,2026-06-22,3.98
2023-03-09,2026-06-22,2026-06-22,3.93
2023-03-10,2026-06-22,2026-06-22,3.70
2023-03-13,2026-06-22,2026-06-22,3.55
2023-03-14,2026-06-22,2026-06-22,3.64
2023-03-15,2026-06-22,2026-06-22,3.51
2023-03-16,2026-06-22,2026-06-22,3.56
2023-03-17,2026-06-22,2026-06-22,3.39
2023-03-20,2026-06-22,2026-06-22,3.47
2023-03-21,2026-06-22,2026-06-22,3.59
2023-03-22,2026-06-22,2026-06-22,3.48
2023-03-23,2026-06-22,2026-06-22,3.38
2023-03-24,2026-06-22,2026-06-22,3.38
2023-03-27,2026-06-22,2026-06-22,3.53
2023-03-28,2026-06-22,2026-06-22,3.55
2023-03-29,2026-06-22,2026-06-22,3.57
2023-03-30,2026-06-22,2026-06-22,3.55
2023-03-31,2026-06-22,2026-06-22,3.48
2023-04-03,2026-06-22,2026-06-22,3.43
2023-04-04,2026-06-22,2026-06-22,3.35
2023-04-05,2026-06-22,2026-06-22,3.30
2023-04-06,2026-06-22,2026-06-22,3.30
2023-04-07,2026-06-22,2026-06-22,3.39
2023-04-10,2026-06-22,2026-06-22,3.41
2023-04-11,2026-06-22,2026-06-22,3.43
2023-04-12,2026-06-22,2026-06-22,3.41
2023-04-13,2026-06-22,2026-06-22,3.45
2023-04-14,2026-06-22,2026-06-22,3.52
2023-04-17,2026-06-22,2026-06-22,3.60
2023-04-18,2026-06-22,2026-06-22,3.58
2023-04-19,2026-06-22,2026-06-22,3.60
2023-04-20,2026-06-22,2026-06-22,3.54
2023-04-21,2026-06-22,2026-06-22,3.57
2023-04-24,2026-06-22,2026-06-22,3.52
2023-04-25,2026-06-22,2026-06-22,3.40
2023-04-26,2026-06-22,2026-06-22,3.43
2023-04-27,2026-06-22,2026-06-22,3.53
2023-04-28,2026-06-22,2026-06-22,3.44
2023-05-01,2026-06-22,2026-06-22,3.59
2023-05-02,2026-06-22,2026-06-22,3.44
2023-05-03,2026-06-22,2026-06-22,3.38
2023-05-04,2026-06-22,2026-06-22,3.37
2023-05-05,2026-06-22,2026-06-22,3.44
2023-05-08,2026-06-22,2026-06-22,3.52
2023-05-09,2026-06-22,2026-06-22,3.53
2023-05-10,2026-06-22,2026-06-22,3.43
2023-05-11,2026-06-22,2026-06-22,3.39
2023-05-12,2026-06-22,2026-06-22,3.46
2023-05-15,2026-06-22,2026-06-22,3.50
2023-05-16,2026-06-22,2026-06-22,3.54
2023-05-17,2026-06-22,2026-06-22,3.57
2023-05-18,2026-06-22,2026-06-22,3.65
2023-05-19,2026-06-22,2026-06-22,3.70
2023-05-22,2026-06-22,2026-06-22,3.72
2023-05-23,2026-06-22,2026-06-22,3.70
2023-05-24,2026-06-22,2026-06-22,3.73
2023-05-25,2026-06-22,2026-06-22,3.83
2023-05-26,2026-06-22,2026-06-22,3.80
2023-05-29,2026-06-22,2026-06-22,.
2023-05-30,2026-06-22,2026-06-22,3.69
2023-05-31,2026-06-22,2026-06-22,3.64
2023-06-01,2026-06-22,2026-06-22,3.61
2023-06-02,2026-06-22,2026-06-22,3.69
2023-06-05,2026-06-22,2026-06-22,3.69
2023-06-06,2026-06-22,2026-06-22,3.70
2023-06-07,2026-06-22,2026-06-22,3.79
2023-06-08,2026-06-22,2026-06-22,3.73
2023-06-09,2026-06-22,2026-06-22,3.75
2023-06-12,2026-06-22,2026-06-22,3.73
2023-06-13,2026-06-22,2026-06-22,3.84
2023-06-14,2026-06-22,2026-06-22,3.83
2023-06-15,2026-06-22,2026-06-22,3.72
2023-06-16,2026-06-22,2026-06-22,3.77
2023-06-19,2026-06-22,2026-06-22,.
2023-06-20,2026-06-22,2026-06-22,3.74
2023-06-21,2026-06-22,2026-06-22,3.72
2023-06-22,2026-06-22,2026-06-22,3.80
2023-06-23,2026-06-22,2026-06-22,3.74
2023-06-26,2026-06-22,2026-06-22,3.72
2023-06-27,2026-06-22,2026-06-22,3.77
2023-06-28,2026-06-22,2026-06-22,3.71
2023-06-29,2026-06-22,2026-06-22,3.85
2023-06-30,2026-06-22,2026-06-22,3.81
2023-07-03,2026-06-22,2026-06-22,3.86
2023-07-04,2026-06-22,2026-06-22,.
2023-07-05,2026-06-22,2026-06-22,3.95
2023-07-06,2026-06-22,2026-06-22,4.05
2023-07-07,2026-06-22,2026-06-22,4.06
2023-07-10,2026-06-22,2026-06-22,4.01
2023-07-11,2026-06-22,2026-06-22,3.99
2023-07-12,2026-06-22,2026-06-22,3.86
2023-07-13,2026-06-22,2026-06-22,3.76
2023-07-14,2026-06-22,2026-06-22,3.83
2023-07-17,2026-06-22,2026-06-22,3.81
2023-07-18,2026-06-22,2026-06-22,3.80
2023-07-19,2026-06-22,2026-06-22,3.75
2023-07-20,2026-06-22,2026-06-22,3.85
2023-07-21,2026-06-22,2026-06-22,3.84
2023-07-24,2026-06-22,2026-06-22,3.86
2023-07-25,2026-06-22,2026-06-22,3.91
2023-07-26,2026-06-22,2026-06-22,3.86
2023-07-27,2026-06-22,2026-06-22,4.01
2023-07-28,2026-06-22,2026-06-22,3.96
2023-07-31,2026-06-22,2026-06-22,3.97
2023-08-01,2026-06-22,2026-06-22,4.05
2023-08-02,2026-06-22,2026-06-22,4.08
2023-08-03,2026-06-22,2026-06-22,4.20
2023-08-04,2026-06-22,2026-06-22,4.05
2023-08-07,2026-06-22,2026-06-22,4.09
2023-08-08,2026-06-22,2026-06-22,4.02
2023-08-09,2026-06-22,2026-06-22,4.00
2023-08-10,2026-06-22,2026-06-22,4.09
2023-08-11,2026-06-22,2026-06-22,4.16
2023-08-14,2026-06-22,2026-06-22,4.19
2023-08-15,2026-06-22,2026-06-22,4.21
2023-08-16,2026-06-22,2026-06-22,4.28
2023-08-17,2026-06-22,2026-06-22,4.30
2023-08-18,2026-06-22,2026-06-22,4.26
2023-08-21,2026-06-22,2026-06-22,4.34
2023-08-22,2026-06-22,2026-06-22,4.34
2023-08-23,2026-06-22,2026-06-22,4.19
2023-08-24,2026-06-22,2026-06-22,4.23
2023-08-25,2026-06-22,2026-06-22,4.25
2023-08-28,2026-06-22,2026-06-22,4.20
2023-08-29,2026-06-22,2026-06-22,4.12
2023-08-30,2026-06-22,2026-06-22,4.12
2023-08-31,2026-06-22,2026-06-22,4.09
2023-09-01,2026-06-22,2026-06-22,4.18
2023-09-04,2026-06-22,2026-06-22,.
2023-09-05,2026-06-22,2026-06-22,4.27
2023-09-06,2026-06-22,2026-06-22,4.30
2023-09-07,2026-06-22,2026-06-22,4.27
2023-09-08,2026-06-22,2026-06-22,4.26
2023-09-11,2026-06-22,2026-06-22,4.29
2023-09-12,2026-06-22,2026-06-22,4.27
2023-09-13,2026-06-22,2026-06-22,4.25
2023-09-14,2026-06-22,2026-06-22,4.29
2023-09-15,2026-06-22,2026-06-22,4.33
2023-09-18,2026-06-22,2026-06-22,4.32
2023-09-19,2026-06-22,2026-06-22,4.37
2023-09-20,2026-06-22,2026-06-22,4.35
2023-09-21,2026-06-22,2026-06-22,4.49
2023-09-22,2026-06-22,2026-06-22,4.44
2023-09-25,2026-06-22,2026-06-22,4.55
2023-09-26,2026-06-22,2026-06-22,4.56
2023-09-27,2026-06-22,2026-06-22,4.61
2023-09-28,2026-06-22,2026-06-22,4.59
2023-09-29,2026-06-22,2026-06-22,4.59
2023-10-02,2026-06-22,2026-06-22,4.69
2023-10-03,2026-06-22,2026-06-22,4.81
2023-10-04,2026-06-22,2026-06-22,4.73
2023-10-05,2026-06-22,2026-06-22,4.72
2023-10-06,2026-06-22,2026-06-22,4.78
2023-10-09,2026-06-22,2026-06-22,.
2023-10-10,2026-06-22,2026-06-22,4.66
2023-10-11,2026-06-22,2026-06-22,4.58
2023-10-12,2026-06-22,2026-06-22,4.70
2023-10-13,2026-06-22,2026-06-22,4.63
2023-10-16,2026-06-22,2026-06-22,4.71
2023-10-17,2026-06-22,2026-06-22,4.83
2023-10-18,2026-06-22,2026-06-22,4.91
2023-10-19,2026-06-22,2026-06-22,4.98
2023-10-20,2026-06-22,2026-06-22,4.93
2023-10-23,2026-06-22,2026-06-22,4.86
2023-10-24,2026-06-22,2026-06-22,4.83
2023-10-25,2026-06-22,2026-06-22,4.95
2023-10-26,2026-06-22,2026-06-22,4.86
2023-10-27,2026-06-22,2026-06-22,4.84
2023-10-30,2026-06-22,2026-06-22,4.88
2023-10-31,2026-06-22,2026-06-22,4.88
2023-11-01,2026-06-22,2026-06-22,4.77
2023-11-02,2026-06-22,2026-06-22,4.67
2023-11-03,2026-06-22,2026-06-22,4.57
2023-11-06,2026-06-22,2026-06-22,4.67
2023-11-07,2026-06-22,2026-06-22,4.58
2023-11-08,2026-06-22,2026-06-22,4.49
2023-11-09,2026-06-22,2026-06-22,4.62
2023-11-10,2026-06-22,2026-06-22,4.61
2023-11-13,2026-06-22,2026-06-22,4.63
2023-11-14,2026-06-22,2026-06-22,4.44
2023-11-15,2026-06-22,2026-06-22,4.53
2023-11-16,2026-06-22,2026-06-22,4.45
2023-11-17,2026-06-22,2026-06-22,4.44
2023-11-20,2026-06-22,2026-06-22,4.42
2023-11-21,2026-06-22,2026-06-22,4.41
2023-11-22,2026-06-22,2026-06-22,4.42
2023-11-23,2026-06-22,2026-06-22,.
2023-11-24,2026-06-22,2026-06-22,4.47
2023-11-27,2026-06-22,2026-06-22,4.39
2023-11-28,2026-06-22,2026-06-22,4.34
2023-11-29,2026-06-22,2026-06-22,4.27
2023-11-30,2026-06-22,2026-06-22,4.37
2023-12-01,2026-06-22,2026-06-22,4.22
2023-12-04,2026-06-22,2026-06-22,4.28
2023-12-05,2026-06-22,2026-06-22,4.18
2023-12-06,2026-06-22,2026-06-22,4.12
2023-12-07,2026-06-22,2026-06-22,4.14
2023-12-08,2026-06-22,2026-06-22,4.23
2023-12-11,2026-06-22,2026-06-22,4.23
2023-12-12,2026-06-22,2026-06-22,4.20
2023-12-13,2026-06-22,2026-06-22,4.04
2023-12-14,2026-06-22,2026-06-22,3.92
2023-12-15,2026-06-22,2026-06-22,3.91
2023-12-18,2026-06-22,2026-06-22,3.95
2023-12-19,2026-06-22,2026-06-22,3.93
2023-12-20,2026-06-22,2026-06-22,3.86
2023-12-21,2026-06-22,2026-06-22,3.89
2023-12-22,2026-06-22,2026-06-22,3.90
2023-12-25,2026-06-22,2026-06-22,.
2023-12-26,2026-06-22,2026-06-22,3.89
2023-12-27,2026-06-22,2026-06-22,3.79
2023-12-28,2026-06-22,2026-06-22,3.84
2023-12-29,2026-06-22,2026-06-22,3.88
2024-01-01,2026-06-22,2026-06-22,.
2024-01-02,2026-06-22,2026-06-22,3.95
2024-01-03,2026-06-22,2026-06-22,3.91
2024-01-04,2026-06-22,2026-06-22,3.99
2024-01-05,2026-06-22,2026-06-22,4.05
2024-01-08,2026-06-22,2026-06-22,4.01
2024-01-09,2026-06-22,2026-06-22,4.02
2024-01-10,2026-06-22,2026-06-22,4.04
2024-01-11,2026-06-22,2026-06-22,3.98
2024-01-12,2026-06-22,2026-06-22,3.96
2024-01-15,2026-06-22,2026-06-22,.
2024-01-16,2026-06-22,2026-06-22,4.07
2024-01-17,2026-06-22,2026-06-22,4.10
2024-01-18,2026-06-22,2026-06-22,4.14
2024-01-19,2026-06-22,2026-06-22,4.15
2024-01-22,2026-06-22,2026-06-22,4.11
2024-01-23,2026-06-22,2026-06-22,4.14
2024-01-24,2026-06-22,2026-06-22,4.18
2024-01-25,2026-06-22,2026-06-22,4.14
2024-01-26,2026-06-22,2026-06-22,4.15
2024-01-29,2026-06-22,2026-06-22,4.08
2024-01-30,2026-06-22,2026-06-22,4.06
2024-01-31,2026-06-22,2026-06-22,3.99
2024-02-01,2026-06-22,2026-06-22,3.87
2024-02-02,2026-06-22,2026-06-22,4.03
2024-02-05,2026-06-22,2026-06-22,4.17
2024-02-06,2026-06-22,2026-06-22,4.09
2024-02-07,2026-06-22,2026-06-22,4.09
2024-02-08,2026-06-22,2026-06-22,4.15
2024-02-09,2026-06-22,2026-06-22,4.17
2024-02-12,2026-06-22,2026-06-22,4.17
2024-02-13,2026-06-22,2026-06-22,4.31
2024-02-14,2026-06-22,2026-06-22,4.27
2024-02-15,2026-06-22,2026-06-22,4.24
2024-02-16,2026-06-22,2026-06-22,4.3
2024-02-19,2026-06-22,2026-06-22,.
2024-02-20,2026-06-22,2026-06-22,4.27
2024-02-21,2026-06-22,2026-06-22,4.32
2024-02-22,2026-06-22,2026-06-22,4.33
2024-02-23,2026-06-22,2026-06-22,4.26
2024-02-26,2026-06-22,2026-06-22,4.28
2024-02-27,2026-06-22,2026-06-22,4.31
2024-02-28,2026-06-22,2026-06-22,4.27
2024-02-29,2026-06-22,2026-06-22,4.25
2024-03-01,2026-06-22,2026-06-22,4.19
2024-03-04,2026-06-22,2026-06-22,4.22
2024-03-05,2026-06-22,2026-06-22,4.13
2024-03-06,2026-06-22,2026-06-22,4.11
2024-03-07,2026-06-22,2026-06-22,4.09
2024-03-08,2026-06-22,2026-06-22,4.09
2024-03-11,2026-06-22,2026-06-22,4.1
2024-03-12,2026-06-22,2026-06-22,4.16
2024-03-13,2026-06-22,2026-06-22,4.19
2024-03-14,2026-06-22,2026-06-22,4.29
2024-03-15,2026-06-22,2026-06-22,4.31
2024-03-18,2026-06-22,2026-06-22,4.34
2024-03-19,2026-06-22,2026-06-22,4.3
2024-03-20,2026-06-22,2026-06-22,4.27
2024-03-21,2026-06-22,2026-06-22,4.27
2024-03-22,2026-06-22,2026-06-22,4.22
2024-03-25,2026-06-22,2026-06-22,4.25
2024-03-26,2026-06-22,2026-06-22,4.24
2024-03-27,2026-06-22,2026-06-22,4.2
2024-03-28,2026-06-22,2026-06-22,4.2
2024-03-29,2026-06-22,2026-06-22,.
2024-04-01,2026-06-22,2026-06-22,4.33
2024-04-02,2026-06-22,2026-06-22,4.36
2024-04-03,2026-06-22,2026-06-22,4.36
2024-04-04,2026-06-22,2026-06-22,4.31
2024-04-05,2026-06-22,2026-06-22,4.39
2024-04-08,2026-06-22,2026-06-22,4.42
2024-04-09,2026-06-22,2026-06-22,4.36
2024-04-10,2026-06-22,2026-06-22,4.55
2024-04-11,2026-06-22,2026-06-22,4.56
2024-04-12,2026-06-22,2026-06-22,4.5
2024-04-15,2026-06-22,2026-06-22,4.63
2024-04-16,2026-06-22,2026-06-22,4.67
2024-04-17,2026-06-22,2026-06-22,4.59
2024-04-18,2026-06-22,2026-06-22,4.64
2024-04-19,2026-06-22,2026-06-22,4.62
2024-04-22,2026-06-22,2026-06-22,4.62
2024-04-23,2026-06-22,2026-06-22,4.61
2024-04-24,2026-06-22,2026-06-22,4.65
2024-04-25,2026-06-22,2026-06-22,4.7
2024-04-26,2026-06-22,2026-06-22,4.67
2024-04-29,2026-06-22,2026-06-22,4.63
2024-04-30,2026-06-22,2026-06-22,4.69
2024-05-01,2026-06-22,2026-06-22,4.63
2024-05-02,2026-06-22,2026-06-22,4.58
2024-05-03,2026-06-22,2026-06-22,4.5
2024-05-06,2026-06-22,2026-06-22,4.49
2024-05-07,2026-06-22,2026-06-22,4.47
2024-05-08,2026-06-22,2026-06-22,4.48
2024-05-09,2026-06-22,2026-06-22,4.45
2024-05-10,2026-06-22,2026-06-22,4.5
2024-05-13,2026-06-22,2026-06-22,4.48
2024-05-14,2026-06-22,2026-06-22,4.45
2024-05-15,2026-06-22,2026-06-22,4.36
2024-05-16,2026-06-22,2026-06-22,4.38
2024-05-17,2026-06-22,2026-06-22,4.42
2024-05-20,2026-06-22,2026-06-22,4.44
2024-05-21,2026-06-22,2026-06-22,4.41
2024-05-22,2026-06-22,2026-06-22,4.43
2024-05-23,2026-06-22,2026-06-22,4.47
2024-05-24,2026-06-22,2026-06-22,4.46
2024-05-27,2026-06-22,2026-06-22,.
2024-05-28,2026-06-22,2026-06-22,4.54
2024-05-29,2026-06-22,2026-06-22,4.61
2024-05-30,2026-06-22,2026-06-22,4.55
2024-05-31,2026-06-22,2026-06-22,4.51
2024-06-03,2026-06-22,2026-06-22,4.41
2024-06-04,2026-06-22,2026-06-22,4.33
2024-06-05,2026-06-22,2026-06-22,4.29
2024-06-06,2026-06-22,2026-06-22,4.28
2024-06-07,2026-06-22,2026-06-22,4.43
2024-06-10,2026-06-22,2026-06-22,4.47
2024-06-11,2026-06-22,2026-06-22,4.39
2024-06-12,2026-06-22,2026-06-22,4.31
2024-06-13,2026-06-22,2026-06-22,4.24
2024-06-14,2026-06-22,2026-06-22,4.2
2024-06-17,2026-06-22,2026-06-22,4.28
2024-06-18,2026-06-22,2026-06-22,4.22
2024-06-19,2026-06-22,2026-06-22,.
2024-06-20,2026-06-22,2026-06-22,4.25
2024-06-21,2026-06-22,2026-06-22,4.25
2024-06-24,2026-06-22,2026-06-22,4.25
2024-06-25,2026-06-22,2026-06-22,4.23
2024-06-26,2026-06-22,2026-06-22,4.32
2024-06-27,2026-06-22,2026-06-22,4.29
2024-06-28,2026-06-22,2026-06-22,4.36
2024-07-01,2026-06-22,2026-06-22,4.48
2024-07-02,2026-06-22,2026-06-22,4.43
2024-07-03,2026-06-22,2026-06-22,4.36
2024-07-04,2026-06-22,2026-06-22,.
2024-07-05,2026-06-22,2026-06-22,4.28
2024-07-08,2026-06-22,2026-06-22,4.28
2024-07-09,2026-06-22,2026-06-22,4.3
2024-07-10,2026-06-22,2026-06-22,4.28
2024-07-11,2026-06-22,2026-06-22,4.2
2024-07-12,2026-06-22,2026-06-22,4.18
2024-07-15,2026-06-22,2026-06-22,4.23
2024-07-16,2026-06-22,2026-06-22,4.17
2024-07-17,2026-06-22,2026-06-22,4.16
2024-07-18,2026-06-22,2026-06-22,4.2
2024-07-19,2026-06-22,2026-06-22,4.25
2024-07-22,2026-06-22,2026-06-22,4.26
2024-07-23,2026-06-22,2026-06-22,4.25
2024-07-24,2026-06-22,2026-06-22,4.28
2024-07-25,2026-06-22,2026-06-22,4.27
2024-07-26,2026-06-22,2026-06-22,4.2
2024-07-29,2026-06-22,2026-06-22,4.17
2024-07-30,2026-06-22,2026-06-22,4.15
2024-07-31,2026-06-22,2026-06-22,4.09
2024-08-01,2026-06-22,2026-06-22,3.99
2024-08-02,2026-06-22,2026-06-22,3.8
2024-08-05,2026-06-22,2026-06-22,3.78
2024-08-06,2026-06-22,2026-06-22,3.9
2024-08-07,2026-06-22,2026-06-22,3.96
2024-08-08,2026-06-22,2026-06-22,3.99
2024-08-09,2026-06-22,2026-06-22,3.94
2024-08-12,2026-06-22,2026-06-22,3.9
2024-08-13,2026-06-22,2026-06-22,3.85
2024-08-14,2026-06-22,2026-06-22,3.83
2024-08-15,2026-06-22,2026-06-22,3.92
2024-08-16,2026-06-22,2026-06-22,3.89
2024-08-19,2026-06-22,2026-06-22,3.86
2024-08-20,2026-06-22,2026-06-22,3.82
2024-08-21,2026-06-22,2026-06-22,3.79
2024-08-22,2026-06-22,2026-06-22,3.86
2024-08-23,2026-06-22,2026-06-22,3.81
2024-08-26,2026-06-22,2026-06-22,3.82
2024-08-27,2026-06-22,2026-06-22,3.83
2024-08-28,2026-06-22,2026-06-22,3.84
2024-08-29,2026-06-22,2026-06-22,3.87
2024-08-30,2026-06-22,2026-06-22,3.91
2024-09-02,2026-06-22,2026-06-22,.
2024-09-03,2026-06-22,2026-06-22,3.84
2024-09-04,2026-06-22,2026-06-22,3.77
2024-09-05,2026-06-22,2026-06-22,3.73
2024-09-06,2026-06-22,2026-06-22,3.72
2024-09-09,2026-06-22,2026-06-22,3.7
2024-09-10,2026-06-22,2026-06-22,3.65
2024-09-11,2026-06-22,2026-06-22,3.65
2024-09-12,2026-06-22,2026-06-22,3.68
2024-09-13,2026-06-22,2026-06-22,3.66
2024-09-16,2026-06-22,2026-06-22,3.63
2024-09-17,2026-06-22,2026-06-22,3.65
2024-09-18,2026-06-22,2026-06-22,3.7
2024-09-19,2026-06-22,2026-06-22,3.73
2024-09-20,2026-06-22,2026-06-22,3.73
2024-09-23,2026-06-22,2026-06-22,3.75
2024-09-24,2026-06-22,2026-06-22,3.74
2024-09-25,2026-06-22,2026-06-22,3.79
2024-09-26,2026-06-22,2026-06-22,3.79
2024-09-27,2026-06-22,2026-06-22,3.75
2024-09-30,2026-06-22,2026-06-22,3.81
2024-10-01,2026-06-22,2026-06-22,3.74
2024-10-02,2026-06-22,2026-06-22,3.79
2024-10-03,2026-06-22,2026-06-22,3.85
2024-10-04,2026-06-22,2026-06-22,3.98
2024-10-07,2026-06-22,2026-06-22,4.03
2024-10-08,2026-06-22,2026-06-22,4.04
2024-10-09,2026-06-22,2026-06-22,4.06
2024-10-10,2026-06-22,2026-06-22,4.09
2024-10-11,2026-06-22,2026-06-22,4.08
2024-10-14,2026-06-22,2026-06-22,.
2024-10-15,2026-06-22,2026-06-22,4.03
2024-10-16,2026-06-22,2026-06-22,4.02
2024-10-17,2026-06-22,2026-06-22,4.09
2024-10-18,2026-06-22,2026-06-22,4.08
2024-10-21,2026-06-22,2026-06-22,4.19
2024-10-22,2026-06-22,2026-06-22,4.2
2024-10-23,2026-06-22,2026-06-22,4.24
2024-10-24,2026-06-22,2026-06-22,4.21
2024-10-25,2026-06-22,2026-06-22,4.25
2024-10-28,2026-06-22,2026-06-22,4.28
2024-10-29,2026-06-22,2026-06-22,4.28
2024-10-30,2026-06-22,2026-06-22,4.29
2024-10-31,2026-06-22,2026-06-22,4.28
2024-11-01,2026-06-22,2026-06-22,4.37
2024-11-04,2026-06-22,2026-06-22,4.31
2024-11-05,2026-06-22,2026-06-22,4.26
2024-11-06,2026-06-22,2026-06-22,4.42
2024-11-07,2026-06-22,2026-06-22,4.31
2024-11-08,2026-06-22,2026-06-22,4.3
2024-11-11,2026-06-22,2026-06-22,.
2024-11-12,2026-06-22,2026-06-22,4.43
2024-11-13,2026-06-22,2026-06-22,4.44
2024-11-14,2026-06-22,2026-06-22,4.43
2024-11-15,2026-06-22,2026-06-22,4.43
2024-11-18,2026-06-22,2026-06-22,4.42
2024-11-19,2026-06-22,2026-06-22,4.39
2024-11-20,2026-06-22,2026-06-22,4.41
2024-11-21,2026-06-22,2026-06-22,4.43
2024-11-22,2026-06-22,2026-06-22,4.41
2024-11-25,2026-06-22,2026-06-22,4.27
2024-11-26,2026-06-22,2026-06-22,4.3
2024-11-27,2026-06-22,2026-06-22,4.25
2024-11-28,2026-06-22,2026-06-22,.
2024-11-29,2026-06-22,2026-06-22,4.18
2024-12-02,2026-06-22,2026-06-22,4.19
2024-12-03,2026-06-22,2026-06-22,4.23
2024-12-04,2026-06-22,2026-06-22,4.19
2024-12-05,2026-06-22,2026-06-22,4.17
2024-12-06,2026-06-22,2026-06-22,4.15
2024-12-09,2026-06-22,2026-06-22,4.2
2024-12-10,2026-06-22,2026-06-22,4.22
2024-12-11,2026-06-22,2026-06-22,4.26
2024-12-12,2026-06-22,2026-06-22,4.32
2024-12-13,2026-06-22,2026-06-22,4.4
2024-12-16,2026-06-22,2026-06-22,4.39
2024-12-17,2026-06-22,2026-06-22,4.4
2024-12-18,2026-06-22,2026-06-22,4.5
2024-12-19,2026-06-22,2026-06-22,4.57
2024-12-20,2026-06-22,2026-06-22,4.52
2024-12-23,2026-06-22,2026-06-22,4.59
2024-12-24,2026-06-22,2026-06-22,4.59
2024-12-25,2026-06-22,2026-06-22,.
2024-12-26,2026-06-22,2026-06-22,4.58
2024-12-27,2026-06-22,2026-06-22,4.62
2024-12-30,2026-06-22,2026-06-22,4.55
2024-12-31,2026-06-22,2026-06-22,4.58
